Product ID,Product Name,Category,Warehouse,Location,Quantity,Price,Supplier,Status,Last Restocked
1102,Gadget Y,Electronics,Warehouse 2,Aisle 1,300.0,9.99,Supplier C,In Stock,2022-12-20
1435,Gadget Y,Electronics,Warehouse 2,Aisle 4,152.34604105571847,19.99,Supplier C,Out of Stock,2022-12-20
1860,Widget A,Clothing,Warehouse 2,Aisle 3,100.0,19.99,Supplier B,In Stock,2022-12-20
1270,Gadget Z,Toys,Warehouse 2,Aisle 4,50.0,49.99,Supplier B,In Stock,2022-12-20
1106,Widget A,Furniture,Warehouse 3,Aisle 3,152.34604105571847,9.99,Supplier D,Out of Stock,2023-04-25
1071,Widget B,Clothing,Warehouse 3,Aisle 5,300.0,29.99,Supplier A,In Stock,2022-12-20
1700,Widget A,Clothing,Warehouse 2,Aisle 2,152.34604105571847,49.99,Supplier B,In Stock,2022-12-20
1020,Widget C,Clothing,Warehouse 1,Aisle 5,152.34604105571847,9.99,Supplier D,Out of Stock,2022-12-20
1614,Gadget Y,Electronics,Warehouse 3,Aisle 3,300.0,9.99,Supplier B,Out of Stock,2023-03-05
1121,Widget B,Toys,Warehouse 1,Aisle 2,50.0,19.99,Supplier C,Out of Stock,2022-12-20
1466,Widget A,Clothing,Warehouse 3,Aisle 1,152.34604105571847,49.99,Supplier B,In Stock,2023-01-15
1214,Gadget Z,Furniture,Warehouse 2,Aisle 1,50.0,9.99,Supplier A,Low Stock,2023-01-15
1330,Widget C,Toys,Warehouse 3,Aisle 4,150.0,9.99,Supplier B,In Stock,2023-04-25
1458,Widget C,Furniture,Warehouse 2,Aisle 3,300.0,49.99,Supplier A,Low Stock,2023-03-05
1087,Widget A,Toys,Warehouse 3,Aisle 3,50.0,29.99,Supplier C,Out of Stock,2023-01-15
1372,Gadget Y,Furniture,Warehouse 2,Aisle 1,152.34604105571847,49.99,Supplier A,Low Stock,2023-03-05
1099,Widget A,Electronics,Warehouse 2,Aisle 5,300.0,49.99,Supplier B,Out of Stock,2023-03-05
1871,Widget B,Clothing,Warehouse 2,Aisle 2,100.0,29.99,Supplier D,Out of Stock,2023-04-25
1663,Widget A,Furniture,Warehouse 2,Aisle 5,50.0,49.99,Supplier C,Low Stock,2023-03-05
1130,Widget C,Toys,Warehouse 1,Aisle 5,300.0,9.99,Supplier B,Out of Stock,2022-12-20
1661,Widget A,Clothing,Warehouse 2,Aisle 1,50.0,49.99,Supplier C,Low Stock,2023-03-05
1308,Gadget Y,Clothing,Warehouse 1,Aisle 1,300.0,29.99,Supplier C,Out of Stock,2023-04-25
1769,Gadget Z,Toys,Warehouse 1,Aisle 1,152.34604105571847,29.99,Supplier B,In Stock,2023-04-25
1343,Gadget X,Furniture,Warehouse 2,Aisle 4,100.0,49.99,Supplier B,In Stock,2023-04-25
1491,Widget A,Electronics,Warehouse 1,Aisle 5,100.0,19.99,Supplier D,Out of Stock,2023-01-15
1413,Gadget Y,Electronics,Warehouse 3,Aisle 3,150.0,9.99,Supplier C,Out of Stock,2022-12-20
1805,Gadget Y,Furniture,Warehouse 2,Aisle 2,300.0,9.99,Supplier C,Low Stock,2023-01-15
1385,Gadget Z,Clothing,Warehouse 1,Aisle 4,50.0,19.99,Supplier B,In Stock,2022-12-20
1191,Widget C,Clothing,Warehouse 2,Aisle 3,100.0,19.99,Supplier A,Low Stock,2022-12-20
1955,Gadget Y,Clothing,Warehouse 2,Aisle 5,100.0,49.99,Supplier B,Out of Stock,2023-03-05
1276,Gadget Y,Clothing,Warehouse 2,Aisle 1,152.34604105571847,19.99,Supplier C,Out of Stock,2023-04-25
1160,Gadget Y,Furniture,Warehouse 1,Aisle 5,152.34604105571847,29.99,Supplier B,Low Stock,2022-12-20
1459,Gadget Y,Clothing,Warehouse 3,Aisle 2,100.0,29.99,Supplier D,Out of Stock,2022-12-20
1313,Widget B,Toys,Warehouse 3,Aisle 4,300.0,19.99,Supplier A,In Stock,2023-01-15
1021,Widget B,Clothing,Warehouse 1,Aisle 4,150.0,19.99,Supplier B,Low Stock,2023-04-25
1252,Widget C,Electronics,Warehouse 2,Aisle 2,100.0,29.99,Supplier D,In Stock,2023-01-15
1747,Widget A,Clothing,Warehouse 1,Aisle 3,152.34604105571847,9.99,Supplier C,In Stock,2022-12-20
1856,Gadget Y,Furniture,Warehouse 1,Aisle 3,50.0,9.99,Supplier B,In Stock,2022-12-20
1560,Gadget Z,Electronics,Warehouse 1,Aisle 4,150.0,49.99,Supplier C,Low Stock,2022-12-20
1474,Widget A,Furniture,Warehouse 2,Aisle 4,152.34604105571847,29.99,Supplier D,Out of Stock,2023-03-05
1058,Gadget Z,Furniture,Warehouse 1,Aisle 1,150.0,29.99,Supplier C,In Stock,2023-01-15
1510,Widget A,Electronics,Warehouse 2,Aisle 3,152.34604105571847,29.99,Supplier D,In Stock,2022-12-20
1681,Widget C,Furniture,Warehouse 1,Aisle 2,50.0,29.99,Supplier D,In Stock,2023-04-25
1475,Gadget Y,Furniture,Warehouse 3,Aisle 3,50.0,29.99,Supplier D,Out of Stock,2023-03-05
1699,Gadget Y,Clothing,Warehouse 1,Aisle 1,152.34604105571847,9.99,Supplier B,Out of Stock,2022-12-20
1975,Gadget X,Toys,Warehouse 1,Aisle 4,300.0,29.99,Supplier C,Low Stock,2023-01-15
1782,Gadget Z,Furniture,Warehouse 3,Aisle 4,152.34604105571847,29.99,Supplier C,Out of Stock,2022-12-20
1189,Widget A,Furniture,Warehouse 2,Aisle 1,152.34604105571847,29.99,Supplier A,Low Stock,2023-04-25
1957,Widget A,Furniture,Warehouse 2,Aisle 2,152.34604105571847,29.99,Supplier A,Low Stock,2023-01-15
1686,Widget B,Clothing,Warehouse 1,Aisle 4,152.34604105571847,29.99,Supplier A,Low Stock,2023-03-05
1957,Gadget X,Toys,Warehouse 3,Aisle 5,50.0,19.99,Supplier A,Low Stock,2023-03-05
1562,Widget B,Electronics,Warehouse 2,Aisle 4,150.0,29.99,Supplier C,Low Stock,2022-12-20
1875,Widget B,Clothing,Warehouse 1,Aisle 5,152.34604105571847,49.99,Supplier D,In Stock,2022-12-20
1566,Widget B,Clothing,Warehouse 3,Aisle 1,152.34604105571847,49.99,Supplier D,Out of Stock,2023-04-25
1243,Gadget Z,Toys,Warehouse 2,Aisle 1,152.34604105571847,9.99,Supplier B,In Stock,2023-04-25
1831,Gadget Z,Toys,Warehouse 2,Aisle 4,300.0,29.99,Supplier D,Low Stock,2022-12-20
1504,Widget C,Clothing,Warehouse 3,Aisle 3,50.0,19.99,Supplier C,Out of Stock,2022-12-20
1130,Widget C,Electronics,Warehouse 3,Aisle 5,152.34604105571847,9.99,Supplier C,In Stock,2023-03-05
1484,Widget B,Clothing,Warehouse 3,Aisle 2,100.0,29.99,Supplier C,In Stock,2022-12-20
1818,Gadget X,Toys,Warehouse 3,Aisle 4,150.0,29.99,Supplier B,Low Stock,2022-12-20
1646,Widget A,Electronics,Warehouse 1,Aisle 2,152.34604105571847,49.99,Supplier A,In Stock,2023-01-15
1020,Gadget Z,Toys,Warehouse 3,Aisle 4,300.0,19.99,Supplier D,In Stock,2022-12-20
1840,Gadget X,Electronics,Warehouse 2,Aisle 3,150.0,49.99,Supplier C,In Stock,2023-04-25
1166,Gadget Y,Furniture,Warehouse 2,Aisle 3,50.0,29.99,Supplier C,In Stock,2022-12-20
1273,Gadget Z,Toys,Warehouse 1,Aisle 3,300.0,29.99,Supplier A,In Stock,2023-04-25
1387,Gadget Z,Toys,Warehouse 2,Aisle 3,152.34604105571847,29.99,Supplier C,Low Stock,2022-12-20
1600,Widget C,Clothing,Warehouse 2,Aisle 1,152.34604105571847,29.99,Supplier D,Low Stock,2022-12-20
1315,Widget A,Toys,Warehouse 3,Aisle 1,100.0,49.99,Supplier B,In Stock,2023-01-15
1013,Widget A,Toys,Warehouse 2,Aisle 5,50.0,19.99,Supplier C,Low Stock,2023-04-25
1241,Gadget Y,Furniture,Warehouse 1,Aisle 2,300.0,29.99,Supplier D,Low Stock,2022-12-20
1776,Gadget Y,Toys,Warehouse 3,Aisle 4,300.0,49.99,Supplier C,Out of Stock,2023-03-05
1345,Gadget Z,Furniture,Warehouse 3,Aisle 4,152.34604105571847,19.99,Supplier A,In Stock,2022-12-20
1564,Widget B,Furniture,Warehouse 1,Aisle 1,100.0,29.99,Supplier C,Low Stock,2023-01-15
1897,Widget C,Furniture,Warehouse 3,Aisle 4,100.0,29.99,Supplier C,Low Stock,2022-12-20
1339,Widget C,Furniture,Warehouse 3,Aisle 1,300.0,9.99,Supplier B,In Stock,2023-03-05
1091,Gadget Z,Electronics,Warehouse 1,Aisle 5,300.0,49.99,Supplier A,Out of Stock,2023-01-15
1366,Gadget X,Clothing,Warehouse 3,Aisle 2,150.0,19.99,Supplier A,In Stock,2023-03-05
1955,Widget B,Electronics,Warehouse 1,Aisle 5,150.0,29.99,Supplier B,Out of Stock,2022-12-20
1454,Gadget Z,Toys,Warehouse 1,Aisle 3,150.0,29.99,Supplier C,In Stock,2022-12-20
1427,Widget B,Electronics,Warehouse 2,Aisle 3,100.0,19.99,Supplier D,In Stock,2022-12-20
1508,Widget B,Electronics,Warehouse 2,Aisle 3,152.34604105571847,49.99,Supplier A,In Stock,2022-12-20
1775,Widget B,Toys,Warehouse 3,Aisle 5,152.34604105571847,9.99,Supplier A,In Stock,2022-12-20
1942,Gadget Z,Toys,Warehouse 3,Aisle 4,150.0,29.99,Supplier C,Out of Stock,2023-04-25
1034,Widget C,Toys,Warehouse 1,Aisle 2,152.34604105571847,19.99,Supplier C,Out of Stock,2023-03-05
1205,Widget C,Electronics,Warehouse 3,Aisle 3,50.0,19.99,Supplier A,Low Stock,2023-03-05
1080,Widget B,Electronics,Warehouse 1,Aisle 3,150.0,19.99,Supplier C,In Stock,2023-03-05
1931,Gadget X,Toys,Warehouse 1,Aisle 3,152.34604105571847,49.99,Supplier D,Out of Stock,2023-04-25
1561,Widget A,Clothing,Warehouse 3,Aisle 2,50.0,49.99,Supplier A,Out of Stock,2022-12-20
1871,Gadget Z,Clothing,Warehouse 1,Aisle 3,50.0,49.99,Supplier D,Out of Stock,2022-12-20
1387,Widget A,Furniture,Warehouse 2,Aisle 2,152.34604105571847,29.99,Supplier D,In Stock,2022-12-20
1001,Gadget X,Toys,Warehouse 3,Aisle 3,150.0,19.99,Supplier C,Low Stock,2023-04-25
1389,Gadget Z,Furniture,Warehouse 2,Aisle 5,100.0,29.99,Supplier D,Out of Stock,2023-03-05
1565,Widget B,Clothing,Warehouse 3,Aisle 5,152.34604105571847,49.99,Supplier C,In Stock,2022-12-20
1105,Widget C,Furniture,Warehouse 1,Aisle 2,152.34604105571847,49.99,Supplier B,Out of Stock,2023-01-15
1771,Widget A,Toys,Warehouse 3,Aisle 5,152.34604105571847,19.99,Supplier C,Out of Stock,2023-01-15
1821,Gadget Y,Toys,Warehouse 2,Aisle 2,50.0,49.99,Supplier D,Low Stock,2022-12-20
1476,Gadget Y,Toys,Warehouse 1,Aisle 5,152.34604105571847,29.99,Supplier B,Out of Stock,2023-03-05
1702,Gadget X,Electronics,Warehouse 3,Aisle 5,100.0,29.99,Supplier C,Out of Stock,2023-01-15
1401,Widget B,Furniture,Warehouse 3,Aisle 2,150.0,49.99,Supplier D,In Stock,2022-12-20
1729,Widget A,Clothing,Warehouse 3,Aisle 4,150.0,19.99,Supplier A,In Stock,2023-04-25
1555,Widget B,Clothing,Warehouse 2,Aisle 5,152.34604105571847,19.99,Supplier A,Low Stock,2022-12-20
1161,Widget A,Clothing,Warehouse 2,Aisle 3,152.34604105571847,19.99,Supplier C,In Stock,2022-12-20
1201,Gadget X,Electronics,Warehouse 3,Aisle 4,100.0,9.99,Supplier C,In Stock,2022-12-20
1957,Gadget X,Electronics,Warehouse 1,Aisle 2,150.0,49.99,Supplier A,Low Stock,2022-12-20
1995,Gadget Y,Toys,Warehouse 1,Aisle 4,300.0,19.99,Supplier D,Out of Stock,2022-12-20
1269,Widget B,Clothing,Warehouse 2,Aisle 1,150.0,29.99,Supplier D,Low Stock,2022-12-20
1862,Gadget Z,Electronics,Warehouse 1,Aisle 1,152.34604105571847,29.99,Supplier D,In Stock,2022-12-20
1815,Gadget Y,Toys,Warehouse 2,Aisle 5,300.0,29.99,Supplier C,Low Stock,2022-12-20
1270,Widget B,Clothing,Warehouse 3,Aisle 5,152.34604105571847,19.99,Supplier B,Out of Stock,2023-04-25
1455,Gadget Y,Furniture,Warehouse 2,Aisle 3,100.0,29.99,Supplier B,Low Stock,2023-03-05
1461,Gadget Z,Toys,Warehouse 2,Aisle 4,152.34604105571847,29.99,Supplier B,In Stock,2023-01-15
1726,Widget C,Electronics,Warehouse 3,Aisle 1,152.34604105571847,9.99,Supplier B,In Stock,2023-01-15
1251,Widget C,Electronics,Warehouse 1,Aisle 5,100.0,29.99,Supplier B,Low Stock,2022-12-20
1701,Widget C,Toys,Warehouse 2,Aisle 4,100.0,29.99,Supplier C,Out of Stock,2023-04-25
1295,Widget C,Toys,Warehouse 2,Aisle 5,150.0,9.99,Supplier C,Low Stock,2022-12-20
1724,Widget A,Electronics,Warehouse 3,Aisle 5,150.0,9.99,Supplier B,Out of Stock,2023-01-15
1719,Widget C,Furniture,Warehouse 1,Aisle 1,100.0,29.99,Supplier C,Out of Stock,2022-12-20
1748,Gadget Z,Clothing,Warehouse 2,Aisle 1,300.0,49.99,Supplier C,Low Stock,2023-03-05
1337,Gadget X,Furniture,Warehouse 3,Aisle 5,50.0,29.99,Supplier B,Out of Stock,2023-04-25
1878,Gadget X,Toys,Warehouse 2,Aisle 2,150.0,9.99,Supplier D,In Stock,2022-12-20
1052,Widget A,Furniture,Warehouse 3,Aisle 5,50.0,29.99,Supplier C,Low Stock,2023-03-05
1791,Widget C,Electronics,Warehouse 1,Aisle 5,300.0,29.99,Supplier D,Out of Stock,2023-04-25
1921,Widget C,Toys,Warehouse 1,Aisle 3,100.0,49.99,Supplier C,In Stock,2023-04-25
1216,Widget C,Clothing,Warehouse 1,Aisle 3,300.0,29.99,Supplier C,Low Stock,2023-01-15
1763,Gadget Y,Electronics,Warehouse 1,Aisle 3,150.0,19.99,Supplier B,In Stock,2022-12-20
1187,Widget B,Electronics,Warehouse 2,Aisle 2,152.34604105571847,29.99,Supplier C,In Stock,2023-04-25
1379,Gadget Y,Clothing,Warehouse 2,Aisle 2,100.0,9.99,Supplier A,In Stock,2023-04-25
1492,Widget B,Clothing,Warehouse 1,Aisle 5,152.34604105571847,29.99,Supplier A,Out of Stock,2023-03-05
1040,Widget C,Furniture,Warehouse 1,Aisle 3,50.0,29.99,Supplier B,Low Stock,2023-01-15
1156,Widget C,Toys,Warehouse 1,Aisle 2,300.0,9.99,Supplier D,Low Stock,2022-12-20
1014,Gadget Y,Clothing,Warehouse 2,Aisle 1,100.0,19.99,Supplier D,Out of Stock,2023-01-15
1812,Gadget Y,Clothing,Warehouse 1,Aisle 5,300.0,9.99,Supplier D,Low Stock,2022-12-20
1064,Widget B,Toys,Warehouse 1,Aisle 4,100.0,29.99,Supplier A,In Stock,2022-12-20
1856,Gadget X,Clothing,Warehouse 1,Aisle 5,150.0,9.99,Supplier D,Low Stock,2022-12-20
1838,Widget B,Clothing,Warehouse 3,Aisle 4,150.0,9.99,Supplier D,Out of Stock,2023-04-25
1520,Gadget Y,Furniture,Warehouse 1,Aisle 3,150.0,19.99,Supplier B,In Stock,2022-12-20
1343,Gadget Z,Electronics,Warehouse 3,Aisle 4,300.0,29.99,Supplier D,Out of Stock,2023-04-25
1128,Gadget Y,Electronics,Warehouse 3,Aisle 3,152.34604105571847,49.99,Supplier A,In Stock,2023-01-15
1647,Gadget Z,Electronics,Warehouse 1,Aisle 1,150.0,49.99,Supplier A,In Stock,2022-12-20
1471,Widget A,Electronics,Warehouse 3,Aisle 4,100.0,29.99,Supplier A,Low Stock,2023-01-15
1062,Gadget Y,Clothing,Warehouse 1,Aisle 5,150.0,9.99,Supplier B,In Stock,2023-01-15
1138,Widget A,Toys,Warehouse 2,Aisle 3,152.34604105571847,29.99,Supplier B,Out of Stock,2022-12-20
1498,Gadget X,Toys,Warehouse 2,Aisle 5,150.0,19.99,Supplier C,Low Stock,2023-01-15
1592,Widget B,Furniture,Warehouse 2,Aisle 2,300.0,49.99,Supplier D,Out of Stock,2022-12-20
1391,Gadget Z,Furniture,Warehouse 2,Aisle 3,152.34604105571847,9.99,Supplier B,In Stock,2022-12-20
1674,Widget B,Clothing,Warehouse 3,Aisle 4,152.34604105571847,19.99,Supplier A,Out of Stock,2022-12-20
1418,Widget A,Toys,Warehouse 1,Aisle 3,300.0,19.99,Supplier A,Out of Stock,2022-12-20
1288,Gadget Z,Toys,Warehouse 1,Aisle 5,300.0,9.99,Supplier B,In Stock,2023-01-15
1378,Widget B,Electronics,Warehouse 1,Aisle 1,300.0,19.99,Supplier B,Low Stock,2023-03-05
1772,Gadget Y,Clothing,Warehouse 2,Aisle 3,100.0,9.99,Supplier B,Out of Stock,2022-12-20
1489,Widget C,Clothing,Warehouse 2,Aisle 4,300.0,9.99,Supplier C,In Stock,2023-01-15
1230,Widget A,Electronics,Warehouse 1,Aisle 2,100.0,29.99,Supplier A,Low Stock,2023-04-25
1040,Widget B,Clothing,Warehouse 2,Aisle 1,300.0,29.99,Supplier C,Low Stock,2022-12-20
1027,Widget A,Clothing,Warehouse 1,Aisle 2,50.0,19.99,Supplier C,Low Stock,2022-12-20
1134,Widget A,Furniture,Warehouse 1,Aisle 3,152.34604105571847,19.99,Supplier D,Out of Stock,2023-03-05
1200,Gadget Z,Toys,Warehouse 1,Aisle 5,50.0,29.99,Supplier A,Out of Stock,2022-12-20
1839,Gadget Z,Clothing,Warehouse 1,Aisle 5,300.0,29.99,Supplier A,Out of Stock,2022-12-20
1779,Widget C,Furniture,Warehouse 1,Aisle 4,152.34604105571847,29.99,Supplier B,Low Stock,2022-12-20
1929,Gadget Y,Toys,Warehouse 1,Aisle 5,152.34604105571847,49.99,Supplier B,Out of Stock,2023-01-15
1032,Widget A,Electronics,Warehouse 1,Aisle 1,152.34604105571847,49.99,Supplier D,In Stock,2023-04-25
1047,Widget B,Furniture,Warehouse 2,Aisle 5,50.0,49.99,Supplier C,Out of Stock,2023-04-25
1502,Gadget X,Furniture,Warehouse 1,Aisle 4,152.34604105571847,9.99,Supplier B,Out of Stock,2023-01-15
1406,Widget A,Toys,Warehouse 1,Aisle 3,152.34604105571847,19.99,Supplier B,Low Stock,2022-12-20
1573,Widget A,Electronics,Warehouse 2,Aisle 3,100.0,29.99,Supplier A,Out of Stock,2023-04-25
1727,Widget C,Furniture,Warehouse 2,Aisle 5,152.34604105571847,9.99,Supplier A,In Stock,2022-12-20
1804,Gadget Y,Clothing,Warehouse 2,Aisle 2,152.34604105571847,19.99,Supplier B,Low Stock,2023-01-15
1098,Gadget X,Clothing,Warehouse 1,Aisle 3,50.0,19.99,Supplier A,In Stock,2023-03-05
1683,Gadget Z,Clothing,Warehouse 3,Aisle 5,300.0,29.99,Supplier D,Low Stock,2022-12-20
1871,Gadget Z,Electronics,Warehouse 3,Aisle 4,300.0,29.99,Supplier B,Low Stock,2023-01-15
1725,Widget B,Furniture,Warehouse 2,Aisle 5,50.0,9.99,Supplier A,Out of Stock,2023-04-25
1986,Gadget X,Clothing,Warehouse 3,Aisle 3,300.0,29.99,Supplier D,In Stock,2022-12-20
1546,Gadget Z,Electronics,Warehouse 2,Aisle 4,300.0,19.99,Supplier A,Low Stock,2022-12-20
1960,Widget B,Clothing,Warehouse 1,Aisle 5,152.34604105571847,29.99,Supplier A,Out of Stock,2022-12-20
1738,Gadget Y,Toys,Warehouse 3,Aisle 1,50.0,49.99,Supplier A,Low Stock,2022-12-20
1612,Widget B,Furniture,Warehouse 1,Aisle 4,150.0,29.99,Supplier B,Low Stock,2022-12-20
1942,Gadget Z,Furniture,Warehouse 3,Aisle 1,100.0,19.99,Supplier C,Low Stock,2022-12-20
1461,Widget C,Electronics,Warehouse 1,Aisle 2,100.0,9.99,Supplier A,Low Stock,2022-12-20
1642,Widget C,Electronics,Warehouse 3,Aisle 4,300.0,29.99,Supplier D,Low Stock,2022-12-20
1768,Widget C,Furniture,Warehouse 1,Aisle 1,100.0,29.99,Supplier B,Low Stock,2023-01-15
1004,Gadget Z,Clothing,Warehouse 1,Aisle 3,50.0,19.99,Supplier B,Out of Stock,2022-12-20
1217,Widget C,Clothing,Warehouse 3,Aisle 3,50.0,29.99,Supplier D,Low Stock,2022-12-20
1502,Gadget X,Toys,Warehouse 1,Aisle 2,152.34604105571847,29.99,Supplier A,In Stock,2022-12-20
1766,Gadget Y,Clothing,Warehouse 1,Aisle 4,152.34604105571847,49.99,Supplier C,Out of Stock,2023-01-15
1397,Widget B,Electronics,Warehouse 1,Aisle 4,100.0,29.99,Supplier A,In Stock,2023-03-05
1870,Widget B,Electronics,Warehouse 3,Aisle 4,150.0,19.99,Supplier D,Low Stock,2023-03-05
1794,Gadget Z,Clothing,Warehouse 3,Aisle 2,152.34604105571847,19.99,Supplier B,In Stock,2023-04-25
1392,Widget C,Electronics,Warehouse 1,Aisle 4,152.34604105571847,29.99,Supplier C,Low Stock,2022-12-20
1206,Widget C,Furniture,Warehouse 1,Aisle 3,50.0,29.99,Supplier B,Low Stock,2022-12-20
1014,Widget A,Furniture,Warehouse 3,Aisle 1,150.0,29.99,Supplier D,Out of Stock,2023-01-15
1857,Gadget Y,Clothing,Warehouse 3,Aisle 3,300.0,29.99,Supplier A,Out of Stock,2023-03-05
1553,Gadget X,Furniture,Warehouse 1,Aisle 3,100.0,29.99,Supplier C,Low Stock,2023-04-25
1891,Widget B,Furniture,Warehouse 1,Aisle 1,152.34604105571847,49.99,Supplier B,Out of Stock,2023-01-15
1460,Widget A,Toys,Warehouse 1,Aisle 3,150.0,29.99,Supplier B,In Stock,2022-12-20
1690,Widget A,Toys,Warehouse 2,Aisle 2,150.0,9.99,Supplier B,Out of Stock,2023-03-05
1574,Gadget Z,Furniture,Warehouse 3,Aisle 1,100.0,49.99,Supplier A,Out of Stock,2023-04-25
1863,Widget B,Clothing,Warehouse 2,Aisle 3,150.0,9.99,Supplier C,In Stock,2022-12-20
1742,Gadget Z,Toys,Warehouse 3,Aisle 5,150.0,29.99,Supplier A,Out of Stock,2023-03-05
1240,Gadget X,Electronics,Warehouse 3,Aisle 3,150.0,49.99,Supplier A,Low Stock,2023-04-25
1563,Widget A,Electronics,Warehouse 3,Aisle 2,152.34604105571847,49.99,Supplier A,In Stock,2023-01-15
1095,Widget A,Electronics,Warehouse 3,Aisle 4,100.0,19.99,Supplier D,Low Stock,2022-12-20
1899,Gadget Y,Clothing,Warehouse 3,Aisle 3,150.0,29.99,Supplier D,In Stock,2023-04-25
1733,Gadget X,Furniture,Warehouse 3,Aisle 4,150.0,29.99,Supplier D,Low Stock,2023-04-25
1484,Widget A,Electronics,Warehouse 3,Aisle 5,152.34604105571847,49.99,Supplier C,Low Stock,2022-12-20
1406,Gadget X,Clothing,Warehouse 2,Aisle 3,100.0,29.99,Supplier A,Out of Stock,2023-03-05
1230,Widget B,Toys,Warehouse 1,Aisle 1,50.0,49.99,Supplier A,Low Stock,2022-12-20
1748,Widget C,Furniture,Warehouse 1,Aisle 4,152.34604105571847,19.99,Supplier D,Out of Stock,2022-12-20
1654,Widget A,Toys,Warehouse 2,Aisle 5,100.0,49.99,Supplier A,In Stock,2023-04-25
1170,Gadget Y,Clothing,Warehouse 2,Aisle 1,150.0,29.99,Supplier A,Low Stock,2022-12-20
1540,Widget B,Electronics,Warehouse 2,Aisle 1,100.0,29.99,Supplier B,Low Stock,2023-03-05
1035,Gadget X,Electronics,Warehouse 2,Aisle 1,100.0,49.99,Supplier A,In Stock,2022-12-20
1524,Gadget Z,Clothing,Warehouse 3,Aisle 1,300.0,49.99,Supplier B,In Stock,2023-01-15
1159,Widget B,Electronics,Warehouse 1,Aisle 3,100.0,49.99,Supplier A,Low Stock,2022-12-20
1838,Widget A,Furniture,Warehouse 3,Aisle 3,50.0,29.99,Supplier C,In Stock,2022-12-20
1698,Gadget X,Clothing,Warehouse 1,Aisle 3,100.0,29.99,Supplier D,Out of Stock,2023-01-15
1242,Widget C,Toys,Warehouse 1,Aisle 5,50.0,29.99,Supplier B,In Stock,2022-12-20
1085,Widget B,Clothing,Warehouse 2,Aisle 5,150.0,29.99,Supplier D,In Stock,2022-12-20
1795,Widget A,Furniture,Warehouse 3,Aisle 5,50.0,49.99,Supplier B,Low Stock,2022-12-20
1577,Gadget Y,Furniture,Warehouse 2,Aisle 2,150.0,19.99,Supplier B,Out of Stock,2022-12-20
1681,Gadget Z,Clothing,Warehouse 3,Aisle 5,150.0,49.99,Supplier B,In Stock,2022-12-20
1556,Gadget X,Clothing,Warehouse 1,Aisle 3,50.0,49.99,Supplier C,Out of Stock,2023-04-25
1573,Widget B,Electronics,Warehouse 2,Aisle 3,152.34604105571847,29.99,Supplier A,Out of Stock,2022-12-20
1952,Widget B,Furniture,Warehouse 2,Aisle 2,152.34604105571847,29.99,Supplier B,Out of Stock,2022-12-20
1645,Widget C,Clothing,Warehouse 1,Aisle 2,100.0,49.99,Supplier C,Low Stock,2023-01-15
1795,Widget C,Clothing,Warehouse 1,Aisle 5,300.0,29.99,Supplier B,In Stock,2023-01-15
1027,Gadget Y,Furniture,Warehouse 1,Aisle 4,152.34604105571847,9.99,Supplier A,Low Stock,2023-04-25
1619,Gadget Z,Clothing,Warehouse 2,Aisle 2,100.0,29.99,Supplier B,In Stock,2022-12-20
1555,Gadget Y,Electronics,Warehouse 3,Aisle 1,100.0,19.99,Supplier C,In Stock,2022-12-20
1339,Widget A,Furniture,Warehouse 2,Aisle 3,150.0,19.99,Supplier A,Low Stock,2022-12-20
1797,Widget A,Electronics,Warehouse 3,Aisle 1,100.0,49.99,Supplier C,Out of Stock,2023-01-15
1957,Gadget Y,Electronics,Warehouse 2,Aisle 3,300.0,29.99,Supplier A,Out of Stock,2023-04-25
1330,Gadget Z,Electronics,Warehouse 2,Aisle 3,100.0,49.99,Supplier A,In Stock,2023-01-15
1639,Gadget Y,Electronics,Warehouse 1,Aisle 2,50.0,29.99,Supplier D,Low Stock,2023-01-15
1505,Gadget Z,Furniture,Warehouse 3,Aisle 2,152.34604105571847,19.99,Supplier D,Out of Stock,2023-04-25
1347,Gadget Z,Electronics,Warehouse 2,Aisle 1,50.0,49.99,Supplier D,Out of Stock,2022-12-20
1472,Gadget X,Electronics,Warehouse 2,Aisle 3,300.0,29.99,Supplier A,In Stock,2022-12-20
1230,Gadget Z,Clothing,Warehouse 1,Aisle 1,100.0,49.99,Supplier B,In Stock,2022-12-20
1189,Widget C,Furniture,Warehouse 1,Aisle 4,300.0,29.99,Supplier C,Low Stock,2023-03-05
1224,Gadget Z,Furniture,Warehouse 3,Aisle 1,150.0,29.99,Supplier C,In Stock,2023-03-05
1384,Gadget Z,Toys,Warehouse 2,Aisle 5,50.0,29.99,Supplier C,Out of Stock,2023-03-05
1376,Gadget Z,Furniture,Warehouse 3,Aisle 1,50.0,29.99,Supplier D,Out of Stock,2023-04-25
1282,Widget A,Furniture,Warehouse 2,Aisle 5,152.34604105571847,9.99,Supplier A,Out of Stock,2023-01-15
1957,Widget C,Toys,Warehouse 3,Aisle 5,100.0,29.99,Supplier D,Out of Stock,2022-12-20
1632,Widget C,Furniture,Warehouse 1,Aisle 5,150.0,29.99,Supplier B,Low Stock,2022-12-20
1627,Gadget Y,Furniture,Warehouse 2,Aisle 4,50.0,29.99,Supplier A,Low Stock,2023-03-05
1972,Gadget X,Furniture,Warehouse 3,Aisle 1,50.0,9.99,Supplier C,In Stock,2022-12-20
1744,Gadget Z,Furniture,Warehouse 1,Aisle 1,150.0,29.99,Supplier D,In Stock,2023-03-05
1258,Widget B,Toys,Warehouse 1,Aisle 4,300.0,9.99,Supplier D,In Stock,2023-03-05
1358,Gadget X,Furniture,Warehouse 3,Aisle 3,300.0,29.99,Supplier B,Low Stock,2022-12-20
1709,Gadget X,Furniture,Warehouse 2,Aisle 2,100.0,19.99,Supplier B,Out of Stock,2023-04-25
1455,Widget C,Toys,Warehouse 2,Aisle 1,152.34604105571847,19.99,Supplier D,In Stock,2023-01-15
1410,Gadget X,Clothing,Warehouse 1,Aisle 2,50.0,49.99,Supplier B,Out of Stock,2023-04-25
1648,Gadget Z,Electronics,Warehouse 2,Aisle 4,152.34604105571847,29.99,Supplier C,In Stock,2022-12-20
1317,Gadget Z,Clothing,Warehouse 2,Aisle 3,300.0,29.99,Supplier B,In Stock,2023-04-25
1676,Widget A,Toys,Warehouse 2,Aisle 3,300.0,49.99,Supplier B,In Stock,2022-12-20
1224,Gadget Z,Electronics,Warehouse 1,Aisle 3,152.34604105571847,19.99,Supplier D,In Stock,2022-12-20
1818,Gadget Z,Toys,Warehouse 3,Aisle 4,100.0,29.99,Supplier D,In Stock,2023-01-15
1233,Widget C,Toys,Warehouse 2,Aisle 5,152.34604105571847,49.99,Supplier A,Out of Stock,2022-12-20
1683,Gadget Z,Furniture,Warehouse 1,Aisle 5,152.34604105571847,29.99,Supplier A,In Stock,2023-01-15
1663,Widget A,Electronics,Warehouse 1,Aisle 2,152.34604105571847,19.99,Supplier D,Out of Stock,2023-04-25
1974,Widget B,Furniture,Warehouse 3,Aisle 5,100.0,49.99,Supplier B,Low Stock,2022-12-20
1826,Widget C,Electronics,Warehouse 2,Aisle 5,100.0,19.99,Supplier B,In Stock,2023-03-05
1373,Widget B,Toys,Warehouse 2,Aisle 3,150.0,9.99,Supplier A,Out of Stock,2023-03-05
1671,Widget C,Toys,Warehouse 3,Aisle 3,152.34604105571847,19.99,Supplier A,Low Stock,2022-12-20
1607,Gadget Y,Clothing,Warehouse 3,Aisle 2,152.34604105571847,29.99,Supplier A,Low Stock,2023-01-15
1471,Gadget X,Electronics,Warehouse 1,Aisle 1,150.0,29.99,Supplier C,Low Stock,2022-12-20
1232,Gadget Y,Furniture,Warehouse 1,Aisle 2,150.0,19.99,Supplier C,Out of Stock,2023-01-15
1691,Gadget Z,Clothing,Warehouse 3,Aisle 2,300.0,29.99,Supplier A,In Stock,2022-12-20
1112,Widget B,Clothing,Warehouse 2,Aisle 4,152.34604105571847,9.99,Supplier B,In Stock,2022-12-20
1829,Gadget Z,Clothing,Warehouse 1,Aisle 4,150.0,49.99,Supplier A,Out of Stock,2022-12-20
1496,Gadget X,Furniture,Warehouse 1,Aisle 2,50.0,49.99,Supplier C,In Stock,2023-04-25
1441,Widget C,Clothing,Warehouse 2,Aisle 2,152.34604105571847,29.99,Supplier B,Out of Stock,2023-04-25
1563,Gadget X,Furniture,Warehouse 1,Aisle 2,150.0,49.99,Supplier C,In Stock,2022-12-20
1267,Widget A,Clothing,Warehouse 2,Aisle 5,50.0,19.99,Supplier B,Low Stock,2023-04-25
1509,Gadget X,Furniture,Warehouse 2,Aisle 4,50.0,29.99,Supplier C,In Stock,2023-03-05
1806,Widget A,Toys,Warehouse 2,Aisle 2,50.0,29.99,Supplier B,Out of Stock,2023-04-25
1385,Gadget X,Toys,Warehouse 3,Aisle 3,300.0,19.99,Supplier B,Out of Stock,2023-04-25
1386,Widget A,Toys,Warehouse 3,Aisle 3,300.0,19.99,Supplier B,Low Stock,2023-04-25
1112,Widget B,Toys,Warehouse 3,Aisle 5,50.0,19.99,Supplier B,Out of Stock,2023-03-05
1612,Gadget Z,Toys,Warehouse 2,Aisle 5,300.0,29.99,Supplier D,In Stock,2023-04-25
1624,Gadget Z,Clothing,Warehouse 2,Aisle 1,152.34604105571847,9.99,Supplier C,In Stock,2023-03-05
1951,Gadget Y,Clothing,Warehouse 3,Aisle 1,50.0,49.99,Supplier C,Low Stock,2022-12-20
1080,Gadget Z,Clothing,Warehouse 1,Aisle 1,152.34604105571847,29.99,Supplier D,Out of Stock,2023-01-15
1698,Widget C,Furniture,Warehouse 2,Aisle 5,152.34604105571847,9.99,Supplier B,Low Stock,2022-12-20
1112,Gadget X,Furniture,Warehouse 1,Aisle 5,50.0,29.99,Supplier B,In Stock,2023-01-15
1001,Gadget Y,Furniture,Warehouse 1,Aisle 5,152.34604105571847,49.99,Supplier C,Low Stock,2022-12-20
1641,Widget C,Furniture,Warehouse 2,Aisle 3,50.0,29.99,Supplier D,Out of Stock,2023-01-15
1219,Widget C,Toys,Warehouse 2,Aisle 5,50.0,19.99,Supplier B,Low Stock,2023-01-15
1565,Widget A,Toys,Warehouse 1,Aisle 3,300.0,19.99,Supplier B,Out of Stock,2022-12-20
1854,Gadget Z,Toys,Warehouse 1,Aisle 1,50.0,29.99,Supplier B,Out of Stock,2023-01-15
1996,Widget B,Electronics,Warehouse 3,Aisle 1,152.34604105571847,9.99,Supplier A,In Stock,2023-01-15
1735,Widget B,Clothing,Warehouse 3,Aisle 1,300.0,9.99,Supplier D,In Stock,2022-12-20
1224,Gadget Y,Furniture,Warehouse 2,Aisle 2,100.0,29.99,Supplier B,In Stock,2023-04-25
1384,Widget B,Furniture,Warehouse 3,Aisle 2,100.0,29.99,Supplier A,Out of Stock,2023-04-25
1402,Gadget X,Toys,Warehouse 3,Aisle 4,152.34604105571847,9.99,Supplier D,Low Stock,2022-12-20
1637,Widget B,Furniture,Warehouse 3,Aisle 4,152.34604105571847,29.99,Supplier B,Out of Stock,2023-03-05
1129,Gadget Y,Furniture,Warehouse 3,Aisle 4,152.34604105571847,49.99,Supplier C,In Stock,2023-01-15
1052,Widget B,Clothing,Warehouse 1,Aisle 2,150.0,19.99,Supplier A,In Stock,2023-01-15
1683,Gadget X,Toys,Warehouse 2,Aisle 2,100.0,19.99,Supplier A,Low Stock,2022-12-20
1729,Widget A,Clothing,Warehouse 3,Aisle 4,152.34604105571847,19.99,Supplier B,In Stock,2022-12-20
1671,Gadget Y,Electronics,Warehouse 1,Aisle 4,100.0,29.99,Supplier B,In Stock,2023-03-05
1709,Widget A,Electronics,Warehouse 1,Aisle 5,152.34604105571847,29.99,Supplier A,In Stock,2023-04-25
1415,Widget A,Electronics,Warehouse 1,Aisle 4,152.34604105571847,29.99,Supplier C,Low Stock,2022-12-20
1246,Widget A,Toys,Warehouse 3,Aisle 5,150.0,19.99,Supplier C,Out of Stock,2023-04-25
1835,Widget C,Furniture,Warehouse 3,Aisle 3,150.0,29.99,Supplier D,In Stock,2023-01-15
1438,Gadget Z,Toys,Warehouse 2,Aisle 2,300.0,19.99,Supplier B,Low Stock,2022-12-20
1202,Widget C,Toys,Warehouse 3,Aisle 4,152.34604105571847,29.99,Supplier C,In Stock,2023-03-05
1183,Gadget Z,Furniture,Warehouse 3,Aisle 2,152.34604105571847,29.99,Supplier D,Low Stock,2023-04-25
1122,Widget A,Clothing,Warehouse 1,Aisle 2,100.0,49.99,Supplier C,In Stock,2023-03-05
1400,Gadget Y,Electronics,Warehouse 2,Aisle 2,50.0,29.99,Supplier B,Low Stock,2023-04-25
1766,Gadget Z,Clothing,Warehouse 3,Aisle 3,150.0,29.99,Supplier D,In Stock,2023-01-15
1293,Gadget X,Electronics,Warehouse 3,Aisle 1,50.0,29.99,Supplier D,Out of Stock,2022-12-20
1279,Gadget X,Toys,Warehouse 1,Aisle 4,152.34604105571847,19.99,Supplier D,In Stock,2023-03-05
1836,Widget B,Electronics,Warehouse 1,Aisle 1,150.0,29.99,Supplier C,Low Stock,2023-03-05
1883,Gadget Z,Toys,Warehouse 3,Aisle 1,50.0,9.99,Supplier B,In Stock,2022-12-20
1609,Gadget Y,Clothing,Warehouse 2,Aisle 1,152.34604105571847,19.99,Supplier D,Out of Stock,2023-03-05
1197,Widget C,Toys,Warehouse 2,Aisle 2,100.0,9.99,Supplier A,In Stock,2023-03-05
1981,Widget A,Clothing,Warehouse 1,Aisle 5,152.34604105571847,19.99,Supplier B,Low Stock,2023-04-25
1906,Widget B,Furniture,Warehouse 1,Aisle 2,300.0,29.99,Supplier A,Low Stock,2023-04-25
1510,Gadget X,Furniture,Warehouse 3,Aisle 2,150.0,29.99,Supplier A,Out of Stock,2022-12-20
1751,Widget C,Furniture,Warehouse 1,Aisle 1,152.34604105571847,29.99,Supplier D,Low Stock,2023-01-15
1143,Widget C,Toys,Warehouse 3,Aisle 2,100.0,9.99,Supplier D,In Stock,2023-03-05
1608,Widget A,Furniture,Warehouse 2,Aisle 1,50.0,49.99,Supplier C,In Stock,2023-01-15
1200,Gadget Z,Electronics,Warehouse 2,Aisle 5,150.0,19.99,Supplier C,In Stock,2022-12-20
1123,Gadget X,Clothing,Warehouse 3,Aisle 4,152.34604105571847,29.99,Supplier C,Low Stock,2022-12-20
1186,Gadget Y,Clothing,Warehouse 1,Aisle 1,152.34604105571847,19.99,Supplier B,In Stock,2023-04-25
1325,Widget C,Electronics,Warehouse 2,Aisle 5,152.34604105571847,9.99,Supplier C,In Stock,2023-03-05
1463,Widget A,Toys,Warehouse 1,Aisle 4,150.0,49.99,Supplier A,In Stock,2022-12-20
1348,Gadget Y,Toys,Warehouse 2,Aisle 3,150.0,9.99,Supplier C,Out of Stock,2022-12-20
1770,Gadget Z,Clothing,Warehouse 3,Aisle 1,300.0,19.99,Supplier D,Low Stock,2023-03-05
1659,Gadget X,Furniture,Warehouse 3,Aisle 1,300.0,49.99,Supplier C,Low Stock,2023-01-15
1763,Gadget Z,Toys,Warehouse 3,Aisle 3,152.34604105571847,49.99,Supplier B,Low Stock,2023-04-25
1954,Widget C,Toys,Warehouse 2,Aisle 3,152.34604105571847,9.99,Supplier B,Out of Stock,2023-01-15
1931,Gadget Y,Electronics,Warehouse 1,Aisle 1,152.34604105571847,29.99,Supplier A,Low Stock,2022-12-20
1402,Gadget Y,Electronics,Warehouse 1,Aisle 3,150.0,19.99,Supplier B,Out of Stock,2022-12-20
1345,Gadget Y,Furniture,Warehouse 1,Aisle 2,150.0,29.99,Supplier C,Out of Stock,2023-01-15
1962,Widget C,Toys,Warehouse 2,Aisle 4,50.0,29.99,Supplier D,Low Stock,2022-12-20
1510,Widget C,Toys,Warehouse 2,Aisle 4,300.0,9.99,Supplier B,In Stock,2023-03-05
1146,Gadget Z,Electronics,Warehouse 2,Aisle 4,50.0,19.99,Supplier A,In Stock,2022-12-20
1147,Widget B,Toys,Warehouse 2,Aisle 2,100.0,19.99,Supplier C,Low Stock,2023-04-25
1863,Gadget Z,Clothing,Warehouse 2,Aisle 3,150.0,9.99,Supplier A,Low Stock,2023-03-05
1710,Gadget X,Electronics,Warehouse 1,Aisle 5,50.0,19.99,Supplier B,Out of Stock,2022-12-20
1819,Widget A,Furniture,Warehouse 2,Aisle 3,152.34604105571847,29.99,Supplier B,Low Stock,2022-12-20
1488,Gadget Y,Electronics,Warehouse 2,Aisle 1,300.0,9.99,Supplier A,Out of Stock,2022-12-20
1928,Widget B,Toys,Warehouse 1,Aisle 4,300.0,29.99,Supplier C,Low Stock,2023-04-25
1935,Widget A,Furniture,Warehouse 2,Aisle 3,152.34604105571847,19.99,Supplier B,In Stock,2023-04-25
1639,Widget B,Electronics,Warehouse 1,Aisle 5,152.34604105571847,9.99,Supplier D,In Stock,2023-01-15
1550,Gadget Z,Clothing,Warehouse 1,Aisle 1,152.34604105571847,19.99,Supplier B,Low Stock,2023-01-15
1337,Widget C,Clothing,Warehouse 3,Aisle 2,50.0,9.99,Supplier C,Out of Stock,2023-01-15
1871,Gadget Y,Electronics,Warehouse 3,Aisle 2,100.0,19.99,Supplier B,In Stock,2023-04-25
1640,Gadget Z,Clothing,Warehouse 3,Aisle 5,152.34604105571847,29.99,Supplier A,Out of Stock,2023-01-15
1778,Widget A,Clothing,Warehouse 3,Aisle 1,152.34604105571847,29.99,Supplier B,Low Stock,2023-01-15
1987,Widget A,Clothing,Warehouse 2,Aisle 4,152.34604105571847,19.99,Supplier B,Low Stock,2022-12-20
1952,Widget A,Furniture,Warehouse 3,Aisle 3,152.34604105571847,9.99,Supplier C,In Stock,2023-01-15
1472,Widget A,Clothing,Warehouse 1,Aisle 1,50.0,29.99,Supplier A,Low Stock,2022-12-20
1945,Widget A,Clothing,Warehouse 2,Aisle 2,152.34604105571847,29.99,Supplier C,In Stock,2023-04-25
1150,Widget B,Clothing,Warehouse 3,Aisle 5,152.34604105571847,29.99,Supplier B,Out of Stock,2023-03-05
1414,Gadget Z,Furniture,Warehouse 1,Aisle 5,300.0,29.99,Supplier D,In Stock,2022-12-20
1989,Gadget Y,Electronics,Warehouse 2,Aisle 3,100.0,19.99,Supplier B,In Stock,2023-04-25
1297,Widget C,Toys,Warehouse 2,Aisle 5,300.0,9.99,Supplier C,Out of Stock,2023-04-25
1610,Widget C,Clothing,Warehouse 3,Aisle 5,300.0,19.99,Supplier D,In Stock,2022-12-20
1262,Gadget Z,Electronics,Warehouse 2,Aisle 1,100.0,49.99,Supplier C,In Stock,2023-01-15
1763,Gadget Z,Clothing,Warehouse 1,Aisle 4,50.0,29.99,Supplier C,Low Stock,2022-12-20
1143,Widget C,Furniture,Warehouse 2,Aisle 3,300.0,49.99,Supplier A,Out of Stock,2023-01-15
1345,Widget C,Electronics,Warehouse 1,Aisle 1,50.0,29.99,Supplier D,In Stock,2023-01-15
1623,Widget B,Furniture,Warehouse 2,Aisle 4,300.0,29.99,Supplier B,Out of Stock,2023-04-25
1571,Gadget X,Clothing,Warehouse 3,Aisle 1,150.0,49.99,Supplier C,Out of Stock,2023-01-15
1880,Gadget Y,Clothing,Warehouse 1,Aisle 1,100.0,49.99,Supplier B,In Stock,2022-12-20
1001,Widget A,Furniture,Warehouse 2,Aisle 5,300.0,19.99,Supplier A,Low Stock,2022-12-20
1896,Gadget X,Toys,Warehouse 2,Aisle 4,150.0,49.99,Supplier A,Out of Stock,2022-12-20
1303,Gadget Z,Furniture,Warehouse 2,Aisle 3,152.34604105571847,19.99,Supplier D,In Stock,2023-04-25
1253,Widget C,Clothing,Warehouse 1,Aisle 3,150.0,19.99,Supplier A,Out of Stock,2022-12-20
1651,Gadget X,Furniture,Warehouse 1,Aisle 4,152.34604105571847,19.99,Supplier A,Low Stock,2023-03-05
1452,Gadget Y,Toys,Warehouse 1,Aisle 5,300.0,29.99,Supplier B,Low Stock,2023-01-15
1036,Gadget Z,Furniture,Warehouse 3,Aisle 2,150.0,29.99,Supplier A,Low Stock,2023-03-05
1159,Widget A,Toys,Warehouse 3,Aisle 1,50.0,49.99,Supplier A,In Stock,2022-12-20
1008,Widget A,Toys,Warehouse 1,Aisle 5,152.34604105571847,29.99,Supplier C,In Stock,2022-12-20
1232,Gadget Y,Furniture,Warehouse 2,Aisle 4,300.0,49.99,Supplier A,Low Stock,2023-04-25
1098,Gadget Y,Furniture,Warehouse 3,Aisle 1,152.34604105571847,29.99,Supplier C,In Stock,2022-12-20
1658,Widget C,Electronics,Warehouse 1,Aisle 3,150.0,9.99,Supplier A,Low Stock,2022-12-20
1815,Widget A,Clothing,Warehouse 2,Aisle 2,152.34604105571847,9.99,Supplier A,In Stock,2022-12-20
1207,Gadget Z,Toys,Warehouse 3,Aisle 3,300.0,49.99,Supplier D,Low Stock,2023-04-25
1130,Gadget X,Electronics,Warehouse 2,Aisle 4,152.34604105571847,29.99,Supplier D,Out of Stock,2023-04-25
1403,Gadget Z,Furniture,Warehouse 2,Aisle 1,152.34604105571847,29.99,Supplier C,Low Stock,2023-01-15
1151,Widget B,Clothing,Warehouse 2,Aisle 4,150.0,19.99,Supplier A,Low Stock,2022-12-20
1053,Widget B,Electronics,Warehouse 2,Aisle 1,152.34604105571847,29.99,Supplier B,In Stock,2022-12-20
1119,Gadget Y,Toys,Warehouse 3,Aisle 5,152.34604105571847,49.99,Supplier D,In Stock,2023-03-05
1672,Widget C,Electronics,Warehouse 3,Aisle 2,100.0,29.99,Supplier B,In Stock,2022-12-20
1919,Widget B,Toys,Warehouse 3,Aisle 5,152.34604105571847,29.99,Supplier D,In Stock,2023-01-15
1627,Widget A,Furniture,Warehouse 1,Aisle 5,100.0,49.99,Supplier D,In Stock,2023-04-25
1586,Gadget Z,Clothing,Warehouse 3,Aisle 4,150.0,29.99,Supplier A,In Stock,2022-12-20
1624,Gadget Z,Clothing,Warehouse 2,Aisle 2,300.0,49.99,Supplier D,Out of Stock,2022-12-20
1967,Gadget Y,Clothing,Warehouse 3,Aisle 1,300.0,29.99,Supplier B,Low Stock,2023-03-05
1419,Gadget X,Furniture,Warehouse 2,Aisle 1,150.0,29.99,Supplier D,Low Stock,2023-01-15
1421,Gadget Y,Toys,Warehouse 1,Aisle 3,150.0,9.99,Supplier C,Low Stock,2023-01-15
1103,Gadget X,Furniture,Warehouse 2,Aisle 1,50.0,49.99,Supplier A,Out of Stock,2022-12-20
1851,Gadget Y,Clothing,Warehouse 2,Aisle 4,150.0,49.99,Supplier A,Low Stock,2023-03-05
1253,Gadget Y,Furniture,Warehouse 2,Aisle 5,152.34604105571847,29.99,Supplier C,Out of Stock,2023-01-15
1226,Gadget Y,Furniture,Warehouse 1,Aisle 5,300.0,9.99,Supplier C,Out of Stock,2022-12-20
1111,Gadget X,Furniture,Warehouse 3,Aisle 5,152.34604105571847,9.99,Supplier C,Out of Stock,2023-01-15
1509,Gadget X,Toys,Warehouse 3,Aisle 2,300.0,29.99,Supplier D,Low Stock,2023-03-05
1472,Gadget Y,Electronics,Warehouse 1,Aisle 1,100.0,19.99,Supplier A,Out of Stock,2023-04-25
1098,Widget B,Electronics,Warehouse 2,Aisle 4,300.0,49.99,Supplier C,Low Stock,2023-04-25
1152,Widget C,Furniture,Warehouse 3,Aisle 2,50.0,49.99,Supplier D,Low Stock,2022-12-20
1860,Widget C,Electronics,Warehouse 1,Aisle 3,150.0,29.99,Supplier C,In Stock,2023-03-05
1913,Widget C,Electronics,Warehouse 3,Aisle 4,150.0,29.99,Supplier B,In Stock,2023-01-15
1895,Gadget X,Furniture,Warehouse 1,Aisle 4,300.0,29.99,Supplier B,Out of Stock,2023-01-15
1877,Gadget X,Furniture,Warehouse 2,Aisle 4,152.34604105571847,29.99,Supplier A,Out of Stock,2023-04-25
1337,Widget B,Clothing,Warehouse 3,Aisle 5,152.34604105571847,9.99,Supplier D,Low Stock,2023-04-25
1705,Widget C,Electronics,Warehouse 1,Aisle 4,50.0,49.99,Supplier B,Out of Stock,2022-12-20
1821,Widget C,Toys,Warehouse 3,Aisle 1,100.0,29.99,Supplier B,Out of Stock,2023-04-25
1162,Gadget Y,Furniture,Warehouse 3,Aisle 4,300.0,9.99,Supplier D,Low Stock,2022-12-20
1719,Gadget X,Clothing,Warehouse 3,Aisle 5,150.0,29.99,Supplier C,Out of Stock,2023-01-15
1956,Widget C,Toys,Warehouse 3,Aisle 4,300.0,29.99,Supplier D,Out of Stock,2022-12-20
1680,Gadget Z,Electronics,Warehouse 1,Aisle 3,50.0,49.99,Supplier C,Low Stock,2022-12-20
1995,Widget B,Clothing,Warehouse 2,Aisle 3,152.34604105571847,29.99,Supplier B,Low Stock,2022-12-20
1160,Gadget Z,Furniture,Warehouse 1,Aisle 5,152.34604105571847,29.99,Supplier B,In Stock,2023-04-25
1579,Gadget Z,Toys,Warehouse 1,Aisle 1,50.0,29.99,Supplier B,Low Stock,2022-12-20
1800,Widget B,Furniture,Warehouse 1,Aisle 1,150.0,49.99,Supplier A,In Stock,2023-01-15
1397,Gadget Z,Electronics,Warehouse 2,Aisle 2,50.0,9.99,Supplier A,Out of Stock,2023-03-05
1276,Widget C,Toys,Warehouse 3,Aisle 5,150.0,49.99,Supplier A,Low Stock,2022-12-20
1815,Gadget X,Electronics,Warehouse 3,Aisle 4,152.34604105571847,9.99,Supplier D,Low Stock,2023-04-25
1915,Widget B,Electronics,Warehouse 3,Aisle 5,50.0,19.99,Supplier B,Low Stock,2022-12-20
1503,Gadget Y,Clothing,Warehouse 2,Aisle 2,150.0,49.99,Supplier B,Out of Stock,2023-01-15
1895,Gadget Z,Furniture,Warehouse 3,Aisle 5,50.0,49.99,Supplier D,In Stock,2022-12-20
1391,Widget B,Toys,Warehouse 2,Aisle 5,50.0,29.99,Supplier A,Out of Stock,2023-03-05
1134,Widget A,Electronics,Warehouse 3,Aisle 2,150.0,29.99,Supplier D,Out of Stock,2022-12-20
1194,Widget A,Electronics,Warehouse 3,Aisle 1,150.0,9.99,Supplier A,Low Stock,2022-12-20
1400,Gadget X,Toys,Warehouse 1,Aisle 4,100.0,9.99,Supplier B,In Stock,2023-04-25
1639,Widget C,Electronics,Warehouse 2,Aisle 2,50.0,29.99,Supplier C,Out of Stock,2022-12-20
1032,Gadget X,Clothing,Warehouse 1,Aisle 3,152.34604105571847,29.99,Supplier A,Low Stock,2023-01-15
1687,Gadget X,Clothing,Warehouse 1,Aisle 1,50.0,29.99,Supplier B,Out of Stock,2023-03-05
1459,Gadget X,Clothing,Warehouse 1,Aisle 3,50.0,29.99,Supplier B,Out of Stock,2022-12-20
1954,Gadget X,Clothing,Warehouse 2,Aisle 1,150.0,49.99,Supplier C,Low Stock,2023-03-05
1882,Gadget Y,Electronics,Warehouse 2,Aisle 4,50.0,19.99,Supplier B,Low Stock,2022-12-20
1469,Gadget Y,Toys,Warehouse 3,Aisle 4,300.0,29.99,Supplier B,In Stock,2022-12-20
1374,Widget B,Toys,Warehouse 1,Aisle 5,50.0,29.99,Supplier A,Out of Stock,2023-04-25
1021,Widget A,Toys,Warehouse 3,Aisle 3,300.0,29.99,Supplier A,Low Stock,2023-03-05
1749,Gadget X,Toys,Warehouse 1,Aisle 1,152.34604105571847,9.99,Supplier C,Low Stock,2022-12-20
1669,Widget B,Furniture,Warehouse 2,Aisle 4,150.0,19.99,Supplier C,In Stock,2022-12-20
1037,Widget A,Toys,Warehouse 2,Aisle 2,50.0,49.99,Supplier B,In Stock,2022-12-20
1229,Gadget Z,Furniture,Warehouse 2,Aisle 4,300.0,9.99,Supplier A,Low Stock,2023-01-15
1364,Widget C,Furniture,Warehouse 1,Aisle 2,300.0,9.99,Supplier C,In Stock,2023-03-05
1562,Gadget Y,Clothing,Warehouse 2,Aisle 1,300.0,19.99,Supplier C,Low Stock,2022-12-20
1437,Gadget Z,Furniture,Warehouse 1,Aisle 4,152.34604105571847,49.99,Supplier D,Out of Stock,2023-03-05
1775,Widget A,Electronics,Warehouse 3,Aisle 4,100.0,29.99,Supplier C,In Stock,2022-12-20
1282,Gadget Z,Furniture,Warehouse 1,Aisle 1,152.34604105571847,49.99,Supplier B,Out of Stock,2023-04-25
1026,Widget C,Clothing,Warehouse 3,Aisle 4,50.0,29.99,Supplier A,Out of Stock,2023-04-25
1225,Widget A,Furniture,Warehouse 1,Aisle 2,152.34604105571847,9.99,Supplier C,Out of Stock,2023-04-25
1276,Gadget Z,Electronics,Warehouse 3,Aisle 4,50.0,29.99,Supplier D,Low Stock,2022-12-20
1797,Gadget Y,Electronics,Warehouse 2,Aisle 3,50.0,29.99,Supplier A,Out of Stock,2022-12-20
1608,Gadget Y,Electronics,Warehouse 3,Aisle 5,150.0,29.99,Supplier C,Out of Stock,2022-12-20
1283,Widget B,Clothing,Warehouse 2,Aisle 2,150.0,49.99,Supplier D,Out of Stock,2023-03-05
1878,Gadget Z,Clothing,Warehouse 2,Aisle 3,150.0,29.99,Supplier C,Low Stock,2022-12-20
1959,Gadget X,Toys,Warehouse 3,Aisle 1,152.34604105571847,29.99,Supplier A,Out of Stock,2023-03-05
1480,Gadget Z,Clothing,Warehouse 1,Aisle 2,50.0,29.99,Supplier A,Out of Stock,2023-03-05
1452,Widget A,Electronics,Warehouse 1,Aisle 5,100.0,29.99,Supplier A,In Stock,2023-03-05
1828,Widget A,Electronics,Warehouse 1,Aisle 5,152.34604105571847,49.99,Supplier B,Low Stock,2022-12-20
1815,Gadget Z,Clothing,Warehouse 1,Aisle 1,150.0,29.99,Supplier C,Out of Stock,2022-12-20
1658,Widget C,Furniture,Warehouse 1,Aisle 1,150.0,9.99,Supplier B,In Stock,2022-12-20
1515,Gadget Y,Clothing,Warehouse 2,Aisle 2,50.0,29.99,Supplier A,Low Stock,2022-12-20
1546,Widget A,Clothing,Warehouse 1,Aisle 4,50.0,29.99,Supplier D,Low Stock,2022-12-20
1191,Gadget Y,Electronics,Warehouse 2,Aisle 1,152.34604105571847,29.99,Supplier C,Low Stock,2023-03-05
1048,Widget A,Toys,Warehouse 2,Aisle 4,152.34604105571847,29.99,Supplier B,Low Stock,2022-12-20
1511,Widget B,Electronics,Warehouse 2,Aisle 3,150.0,49.99,Supplier C,Low Stock,2022-12-20
1016,Gadget X,Toys,Warehouse 3,Aisle 5,50.0,29.99,Supplier D,Low Stock,2023-04-25
1171,Widget A,Electronics,Warehouse 3,Aisle 4,100.0,49.99,Supplier B,Out of Stock,2022-12-20
1219,Gadget Y,Clothing,Warehouse 2,Aisle 5,152.34604105571847,49.99,Supplier A,Out of Stock,2023-04-25
1157,Widget B,Electronics,Warehouse 3,Aisle 4,50.0,29.99,Supplier B,Out of Stock,2022-12-20
1476,Widget A,Electronics,Warehouse 1,Aisle 3,50.0,9.99,Supplier C,Out of Stock,2022-12-20
1045,Widget C,Electronics,Warehouse 1,Aisle 1,300.0,29.99,Supplier C,In Stock,2022-12-20
1372,Gadget X,Clothing,Warehouse 2,Aisle 3,152.34604105571847,29.99,Supplier C,Out of Stock,2022-12-20
1517,Widget A,Clothing,Warehouse 1,Aisle 1,152.34604105571847,49.99,Supplier C,Low Stock,2023-01-15
1098,Widget B,Clothing,Warehouse 2,Aisle 1,150.0,49.99,Supplier A,Out of Stock,2022-12-20
1891,Widget C,Clothing,Warehouse 2,Aisle 5,50.0,29.99,Supplier B,Out of Stock,2022-12-20
1744,Gadget Z,Toys,Warehouse 1,Aisle 3,150.0,29.99,Supplier A,Low Stock,2023-03-05
1036,Widget B,Toys,Warehouse 3,Aisle 4,50.0,29.99,Supplier A,Out of Stock,2023-03-05
1279,Widget B,Furniture,Warehouse 1,Aisle 3,150.0,19.99,Supplier A,Out of Stock,2022-12-20
1348,Widget C,Clothing,Warehouse 1,Aisle 5,152.34604105571847,19.99,Supplier C,Out of Stock,2023-04-25
1496,Widget B,Toys,Warehouse 2,Aisle 1,152.34604105571847,29.99,Supplier C,In Stock,2023-03-05
1301,Widget C,Electronics,Warehouse 2,Aisle 5,152.34604105571847,19.99,Supplier C,Out of Stock,2022-12-20
1180,Widget A,Clothing,Warehouse 2,Aisle 2,300.0,29.99,Supplier B,Low Stock,2023-01-15
1606,Widget C,Furniture,Warehouse 2,Aisle 2,100.0,49.99,Supplier D,Low Stock,2023-04-25
1098,Widget C,Furniture,Warehouse 3,Aisle 4,152.34604105571847,29.99,Supplier C,Out of Stock,2022-12-20
1699,Gadget X,Furniture,Warehouse 3,Aisle 5,152.34604105571847,9.99,Supplier B,Out of Stock,2022-12-20
1992,Widget C,Electronics,Warehouse 3,Aisle 4,300.0,29.99,Supplier C,Out of Stock,2022-12-20
1115,Widget C,Toys,Warehouse 2,Aisle 4,100.0,29.99,Supplier C,Low Stock,2023-04-25
1190,Gadget Z,Electronics,Warehouse 2,Aisle 2,300.0,29.99,Supplier A,Low Stock,2023-03-05
1252,Widget A,Clothing,Warehouse 2,Aisle 4,50.0,29.99,Supplier A,In Stock,2023-03-05
1980,Gadget X,Furniture,Warehouse 3,Aisle 2,50.0,29.99,Supplier A,In Stock,2023-03-05
1927,Gadget Z,Electronics,Warehouse 2,Aisle 1,150.0,19.99,Supplier B,In Stock,2022-12-20
1982,Gadget Y,Electronics,Warehouse 1,Aisle 5,152.34604105571847,19.99,Supplier D,Low Stock,2023-04-25
1160,Widget A,Toys,Warehouse 1,Aisle 4,50.0,29.99,Supplier D,In Stock,2023-04-25
1255,Widget A,Toys,Warehouse 2,Aisle 2,300.0,29.99,Supplier B,Out of Stock,2023-03-05
1322,Gadget Y,Furniture,Warehouse 1,Aisle 3,152.34604105571847,19.99,Supplier C,Out of Stock,2023-03-05
1127,Widget C,Electronics,Warehouse 1,Aisle 4,50.0,29.99,Supplier B,Low Stock,2023-01-15
1017,Gadget Z,Electronics,Warehouse 3,Aisle 1,150.0,29.99,Supplier C,In Stock,2023-01-15
1792,Widget B,Toys,Warehouse 2,Aisle 1,152.34604105571847,29.99,Supplier B,Out of Stock,2022-12-20
1734,Gadget X,Electronics,Warehouse 2,Aisle 3,150.0,9.99,Supplier B,Low Stock,2022-12-20
1565,Widget B,Electronics,Warehouse 3,Aisle 2,100.0,19.99,Supplier B,In Stock,2023-04-25
1569,Gadget Y,Electronics,Warehouse 1,Aisle 4,50.0,29.99,Supplier D,Out of Stock,2023-04-25
1322,Widget A,Toys,Warehouse 1,Aisle 2,100.0,9.99,Supplier A,In Stock,2022-12-20
1871,Widget A,Furniture,Warehouse 2,Aisle 1,100.0,29.99,Supplier B,Low Stock,2022-12-20
1685,Gadget X,Clothing,Warehouse 1,Aisle 2,300.0,29.99,Supplier D,In Stock,2023-01-15
1791,Widget A,Furniture,Warehouse 3,Aisle 1,152.34604105571847,29.99,Supplier A,Low Stock,2022-12-20
1625,Widget A,Clothing,Warehouse 3,Aisle 2,300.0,29.99,Supplier A,In Stock,2023-01-15
1287,Gadget X,Electronics,Warehouse 2,Aisle 3,50.0,49.99,Supplier B,Out of Stock,2023-01-15
1942,Gadget Z,Furniture,Warehouse 3,Aisle 5,100.0,29.99,Supplier C,Low Stock,2022-12-20
1853,Gadget Z,Clothing,Warehouse 3,Aisle 3,152.34604105571847,9.99,Supplier C,Low Stock,2022-12-20
1662,Gadget X,Toys,Warehouse 2,Aisle 3,100.0,29.99,Supplier C,Low Stock,2022-12-20
1961,Gadget Y,Toys,Warehouse 3,Aisle 5,152.34604105571847,19.99,Supplier B,In Stock,2023-03-05
1638,Widget A,Furniture,Warehouse 3,Aisle 5,300.0,29.99,Supplier C,In Stock,2023-03-05
1154,Widget A,Furniture,Warehouse 3,Aisle 4,300.0,29.99,Supplier D,Out of Stock,2023-03-05
1489,Gadget Y,Electronics,Warehouse 1,Aisle 4,152.34604105571847,29.99,Supplier D,Low Stock,2023-04-25
1385,Gadget Z,Furniture,Warehouse 2,Aisle 3,100.0,49.99,Supplier D,Low Stock,2022-12-20
1985,Widget C,Electronics,Warehouse 2,Aisle 3,150.0,49.99,Supplier D,In Stock,2022-12-20
1784,Widget C,Electronics,Warehouse 2,Aisle 1,300.0,49.99,Supplier A,In Stock,2023-04-25
1103,Widget C,Toys,Warehouse 1,Aisle 1,300.0,9.99,Supplier D,Out of Stock,2023-01-15
1928,Gadget Z,Toys,Warehouse 1,Aisle 4,152.34604105571847,49.99,Supplier C,Out of Stock,2023-03-05
1392,Gadget Z,Clothing,Warehouse 2,Aisle 4,152.34604105571847,9.99,Supplier B,In Stock,2023-03-05
1810,Gadget Y,Toys,Warehouse 1,Aisle 1,152.34604105571847,49.99,Supplier C,Low Stock,2023-01-15
1245,Widget A,Toys,Warehouse 2,Aisle 1,100.0,9.99,Supplier D,Out of Stock,2022-12-20
1175,Gadget Y,Furniture,Warehouse 1,Aisle 2,50.0,29.99,Supplier A,In Stock,2022-12-20
1038,Gadget Y,Toys,Warehouse 3,Aisle 2,50.0,29.99,Supplier D,In Stock,2022-12-20
1476,Gadget Z,Clothing,Warehouse 3,Aisle 1,152.34604105571847,29.99,Supplier B,Low Stock,2023-04-25
1681,Widget C,Furniture,Warehouse 2,Aisle 2,300.0,9.99,Supplier C,In Stock,2022-12-20
1758,Widget B,Clothing,Warehouse 1,Aisle 5,152.34604105571847,19.99,Supplier B,In Stock,2022-12-20
1537,Widget A,Toys,Warehouse 1,Aisle 4,300.0,29.99,Supplier B,Out of Stock,2023-01-15
1866,Gadget Z,Clothing,Warehouse 3,Aisle 4,300.0,29.99,Supplier B,In Stock,2022-12-20
1817,Widget C,Furniture,Warehouse 3,Aisle 1,50.0,9.99,Supplier C,In Stock,2023-03-05
1920,Widget B,Electronics,Warehouse 1,Aisle 3,152.34604105571847,49.99,Supplier D,Out of Stock,2023-03-05
1407,Widget B,Clothing,Warehouse 1,Aisle 1,152.34604105571847,19.99,Supplier B,Low Stock,2023-01-15
1524,Gadget Z,Clothing,Warehouse 1,Aisle 2,300.0,29.99,Supplier C,Low Stock,2022-12-20
1827,Gadget X,Furniture,Warehouse 1,Aisle 3,150.0,29.99,Supplier A,Out of Stock,2023-03-05
1505,Widget A,Furniture,Warehouse 1,Aisle 2,150.0,9.99,Supplier C,Out of Stock,2023-03-05
1902,Widget B,Clothing,Warehouse 1,Aisle 5,152.34604105571847,19.99,Supplier A,Low Stock,2023-04-25
1824,Gadget Z,Toys,Warehouse 2,Aisle 2,150.0,9.99,Supplier C,Low Stock,2022-12-20
1035,Gadget Z,Clothing,Warehouse 1,Aisle 5,100.0,49.99,Supplier D,Low Stock,2022-12-20
1684,Widget C,Furniture,Warehouse 3,Aisle 5,300.0,29.99,Supplier B,Low Stock,2022-12-20
1019,Gadget X,Electronics,Warehouse 2,Aisle 2,152.34604105571847,9.99,Supplier D,Low Stock,2022-12-20
1320,Widget A,Electronics,Warehouse 1,Aisle 2,152.34604105571847,29.99,Supplier C,Out of Stock,2023-03-05
1775,Gadget Y,Toys,Warehouse 3,Aisle 5,300.0,29.99,Supplier B,In Stock,2023-04-25
1511,Widget C,Clothing,Warehouse 2,Aisle 3,152.34604105571847,29.99,Supplier A,Low Stock,2022-12-20
1399,Widget B,Electronics,Warehouse 3,Aisle 5,50.0,9.99,Supplier C,Low Stock,2023-03-05
1653,Widget B,Clothing,Warehouse 1,Aisle 4,152.34604105571847,29.99,Supplier B,In Stock,2022-12-20
1971,Widget C,Furniture,Warehouse 1,Aisle 5,50.0,29.99,Supplier A,In Stock,2022-12-20
1882,Gadget Z,Electronics,Warehouse 1,Aisle 3,300.0,49.99,Supplier A,In Stock,2022-12-20
1470,Widget B,Toys,Warehouse 1,Aisle 4,152.34604105571847,49.99,Supplier D,In Stock,2023-03-05
1142,Gadget X,Furniture,Warehouse 2,Aisle 1,150.0,9.99,Supplier C,In Stock,2022-12-20
1091,Widget A,Toys,Warehouse 2,Aisle 1,152.34604105571847,29.99,Supplier A,In Stock,2023-04-25
1353,Gadget X,Furniture,Warehouse 3,Aisle 3,300.0,19.99,Supplier B,Out of Stock,2023-04-25
1833,Widget B,Electronics,Warehouse 1,Aisle 5,100.0,29.99,Supplier A,In Stock,2023-03-05
1799,Gadget Y,Toys,Warehouse 3,Aisle 2,152.34604105571847,49.99,Supplier A,In Stock,2022-12-20
1726,Widget A,Toys,Warehouse 2,Aisle 3,152.34604105571847,29.99,Supplier D,Out of Stock,2023-03-05
1958,Widget A,Furniture,Warehouse 1,Aisle 4,300.0,19.99,Supplier D,In Stock,2023-04-25
1853,Widget C,Toys,Warehouse 1,Aisle 4,300.0,9.99,Supplier B,Low Stock,2023-01-15
1050,Widget C,Furniture,Warehouse 2,Aisle 1,50.0,19.99,Supplier D,Low Stock,2023-01-15
1664,Gadget Y,Furniture,Warehouse 2,Aisle 4,150.0,9.99,Supplier A,In Stock,2022-12-20
1697,Gadget Z,Furniture,Warehouse 2,Aisle 3,50.0,19.99,Supplier A,Out of Stock,2022-12-20
1574,Widget A,Furniture,Warehouse 2,Aisle 4,50.0,9.99,Supplier D,Low Stock,2023-01-15
1189,Gadget Y,Electronics,Warehouse 2,Aisle 3,150.0,9.99,Supplier A,Out of Stock,2023-04-25
1124,Widget C,Furniture,Warehouse 1,Aisle 2,100.0,19.99,Supplier A,Low Stock,2022-12-20
1149,Widget C,Clothing,Warehouse 2,Aisle 1,50.0,19.99,Supplier B,In Stock,2023-03-05
1313,Widget A,Toys,Warehouse 1,Aisle 4,50.0,9.99,Supplier D,Out of Stock,2023-03-05
1569,Gadget X,Clothing,Warehouse 1,Aisle 3,152.34604105571847,49.99,Supplier A,Out of Stock,2023-04-25
1341,Widget B,Electronics,Warehouse 2,Aisle 5,150.0,19.99,Supplier D,Out of Stock,2022-12-20
1304,Widget C,Clothing,Warehouse 2,Aisle 1,152.34604105571847,29.99,Supplier B,Low Stock,2023-03-05
1691,Gadget Z,Toys,Warehouse 1,Aisle 2,100.0,29.99,Supplier D,Low Stock,2022-12-20
1681,Gadget Z,Clothing,Warehouse 2,Aisle 3,100.0,9.99,Supplier A,Low Stock,2022-12-20
1837,Widget C,Electronics,Warehouse 2,Aisle 2,150.0,9.99,Supplier D,In Stock,2023-03-05
1782,Gadget X,Furniture,Warehouse 2,Aisle 2,300.0,29.99,Supplier A,Low Stock,2023-01-15
1053,Gadget X,Clothing,Warehouse 3,Aisle 4,300.0,49.99,Supplier A,In Stock,2023-03-05
1443,Gadget Y,Electronics,Warehouse 1,Aisle 4,152.34604105571847,29.99,Supplier A,Out of Stock,2023-04-25
1612,Gadget Z,Electronics,Warehouse 3,Aisle 3,152.34604105571847,19.99,Supplier B,Out of Stock,2022-12-20
1992,Gadget Y,Toys,Warehouse 2,Aisle 5,150.0,29.99,Supplier D,In Stock,2023-03-05
1263,Gadget Z,Toys,Warehouse 3,Aisle 3,152.34604105571847,9.99,Supplier B,Low Stock,2022-12-20
1052,Widget B,Clothing,Warehouse 2,Aisle 5,100.0,29.99,Supplier D,In Stock,2022-12-20
1571,Widget B,Furniture,Warehouse 3,Aisle 2,100.0,29.99,Supplier B,Out of Stock,2023-03-05
1619,Widget A,Electronics,Warehouse 2,Aisle 1,152.34604105571847,19.99,Supplier C,Out of Stock,2022-12-20
1004,Gadget Y,Clothing,Warehouse 3,Aisle 3,300.0,29.99,Supplier A,In Stock,2023-03-05
1102,Widget C,Electronics,Warehouse 3,Aisle 3,150.0,9.99,Supplier A,Low Stock,2022-12-20
1195,Gadget Y,Electronics,Warehouse 3,Aisle 5,50.0,19.99,Supplier B,Low Stock,2022-12-20
1773,Widget C,Furniture,Warehouse 1,Aisle 2,300.0,9.99,Supplier C,In Stock,2023-04-25
1876,Gadget X,Furniture,Warehouse 3,Aisle 2,50.0,49.99,Supplier A,In Stock,2022-12-20
1991,Gadget Y,Clothing,Warehouse 1,Aisle 5,152.34604105571847,29.99,Supplier D,Low Stock,2022-12-20
1883,Gadget X,Furniture,Warehouse 2,Aisle 2,152.34604105571847,49.99,Supplier B,Out of Stock,2022-12-20
1349,Widget B,Furniture,Warehouse 3,Aisle 4,152.34604105571847,29.99,Supplier A,In Stock,2022-12-20
1046,Widget B,Clothing,Warehouse 2,Aisle 1,152.34604105571847,29.99,Supplier A,Low Stock,2023-01-15
1866,Widget A,Furniture,Warehouse 2,Aisle 3,152.34604105571847,19.99,Supplier B,Low Stock,2022-12-20
1822,Gadget Y,Toys,Warehouse 3,Aisle 1,50.0,29.99,Supplier B,Out of Stock,2022-12-20
1935,Gadget X,Electronics,Warehouse 1,Aisle 3,152.34604105571847,29.99,Supplier D,Out of Stock,2023-01-15
1819,Widget C,Electronics,Warehouse 3,Aisle 4,152.34604105571847,29.99,Supplier D,Out of Stock,2023-04-25
1655,Widget B,Electronics,Warehouse 2,Aisle 2,300.0,29.99,Supplier A,Out of Stock,2022-12-20
1268,Widget B,Electronics,Warehouse 2,Aisle 5,152.34604105571847,9.99,Supplier A,Out of Stock,2023-01-15
1369,Widget C,Clothing,Warehouse 3,Aisle 4,152.34604105571847,19.99,Supplier B,In Stock,2023-03-05
1635,Gadget X,Electronics,Warehouse 1,Aisle 1,150.0,29.99,Supplier A,Low Stock,2023-03-05
1105,Gadget X,Electronics,Warehouse 1,Aisle 5,152.34604105571847,29.99,Supplier A,In Stock,2023-01-15
1669,Gadget Y,Electronics,Warehouse 2,Aisle 2,50.0,49.99,Supplier B,In Stock,2022-12-20
1658,Gadget Y,Electronics,Warehouse 2,Aisle 4,150.0,29.99,Supplier A,In Stock,2022-12-20
1656,Gadget Z,Toys,Warehouse 1,Aisle 5,300.0,29.99,Supplier A,In Stock,2022-12-20
1119,Gadget Z,Electronics,Warehouse 3,Aisle 4,100.0,29.99,Supplier C,In Stock,2023-03-05
1830,Widget A,Toys,Warehouse 2,Aisle 4,152.34604105571847,29.99,Supplier D,Out of Stock,2022-12-20
1786,Widget B,Clothing,Warehouse 1,Aisle 2,50.0,49.99,Supplier B,Out of Stock,2022-12-20
1603,Gadget Y,Furniture,Warehouse 2,Aisle 3,300.0,9.99,Supplier C,Low Stock,2023-03-05
1057,Gadget X,Electronics,Warehouse 3,Aisle 5,150.0,19.99,Supplier D,In Stock,2023-04-25
1950,Widget C,Furniture,Warehouse 1,Aisle 2,300.0,9.99,Supplier D,Low Stock,2022-12-20
1345,Gadget X,Furniture,Warehouse 2,Aisle 4,152.34604105571847,29.99,Supplier D,Out of Stock,2023-01-15
1740,Widget B,Clothing,Warehouse 3,Aisle 2,152.34604105571847,29.99,Supplier C,Out of Stock,2022-12-20
1473,Gadget Z,Furniture,Warehouse 2,Aisle 3,152.34604105571847,19.99,Supplier C,Out of Stock,2022-12-20
1116,Gadget X,Toys,Warehouse 3,Aisle 5,100.0,29.99,Supplier D,In Stock,2022-12-20
1829,Widget A,Furniture,Warehouse 3,Aisle 3,152.34604105571847,29.99,Supplier A,In Stock,2023-04-25
1790,Widget B,Furniture,Warehouse 1,Aisle 1,150.0,29.99,Supplier A,Out of Stock,2023-01-15
1126,Gadget Z,Furniture,Warehouse 3,Aisle 5,150.0,19.99,Supplier C,Low Stock,2022-12-20
1392,Widget C,Electronics,Warehouse 2,Aisle 3,152.34604105571847,19.99,Supplier C,Low Stock,2022-12-20
1907,Gadget Z,Electronics,Warehouse 3,Aisle 4,150.0,49.99,Supplier C,Out of Stock,2022-12-20
1640,Widget A,Toys,Warehouse 3,Aisle 5,152.34604105571847,49.99,Supplier D,Low Stock,2023-03-05
1057,Widget B,Toys,Warehouse 1,Aisle 5,300.0,9.99,Supplier A,Out of Stock,2022-12-20
1633,Widget C,Electronics,Warehouse 3,Aisle 2,152.34604105571847,19.99,Supplier C,Low Stock,2022-12-20
1512,Widget A,Toys,Warehouse 3,Aisle 4,152.34604105571847,19.99,Supplier C,Out of Stock,2023-03-05
1750,Gadget Z,Electronics,Warehouse 2,Aisle 1,300.0,19.99,Supplier B,Low Stock,2023-04-25
1801,Widget A,Clothing,Warehouse 1,Aisle 3,300.0,49.99,Supplier D,In Stock,2022-12-20
1095,Widget B,Furniture,Warehouse 1,Aisle 2,152.34604105571847,29.99,Supplier B,Out of Stock,2022-12-20
1637,Gadget Y,Furniture,Warehouse 1,Aisle 3,50.0,29.99,Supplier A,Out of Stock,2023-01-15
1117,Widget A,Toys,Warehouse 3,Aisle 1,152.34604105571847,49.99,Supplier B,Low Stock,2022-12-20
1559,Widget A,Electronics,Warehouse 1,Aisle 1,300.0,19.99,Supplier B,Out of Stock,2023-04-25
1600,Gadget Z,Electronics,Warehouse 3,Aisle 5,300.0,49.99,Supplier B,Out of Stock,2023-01-15
1487,Gadget Z,Toys,Warehouse 3,Aisle 1,150.0,9.99,Supplier D,Out of Stock,2022-12-20
1236,Widget C,Electronics,Warehouse 2,Aisle 3,300.0,19.99,Supplier A,In Stock,2022-12-20
1884,Gadget Z,Clothing,Warehouse 2,Aisle 4,152.34604105571847,9.99,Supplier B,In Stock,2023-03-05
1896,Gadget X,Furniture,Warehouse 2,Aisle 4,300.0,19.99,Supplier D,Low Stock,2023-04-25
1271,Widget B,Toys,Warehouse 2,Aisle 5,50.0,49.99,Supplier A,In Stock,2023-03-05
1188,Widget B,Toys,Warehouse 2,Aisle 3,152.34604105571847,29.99,Supplier C,Low Stock,2023-01-15
1998,Gadget Y,Electronics,Warehouse 3,Aisle 3,152.34604105571847,29.99,Supplier B,In Stock,2023-03-05
1703,Gadget Y,Toys,Warehouse 3,Aisle 1,300.0,9.99,Supplier A,Low Stock,2023-04-25
1446,Widget B,Clothing,Warehouse 1,Aisle 3,100.0,49.99,Supplier B,In Stock,2022-12-20
1580,Gadget Y,Electronics,Warehouse 3,Aisle 2,100.0,29.99,Supplier C,In Stock,2022-12-20
1789,Widget C,Electronics,Warehouse 3,Aisle 1,152.34604105571847,49.99,Supplier A,Low Stock,2023-01-15
1860,Gadget Z,Electronics,Warehouse 2,Aisle 2,100.0,9.99,Supplier D,Out of Stock,2022-12-20
1246,Widget B,Electronics,Warehouse 3,Aisle 5,152.34604105571847,29.99,Supplier A,Out of Stock,2023-03-05
1962,Gadget Y,Clothing,Warehouse 2,Aisle 4,150.0,49.99,Supplier D,In Stock,2023-01-15
1075,Widget B,Electronics,Warehouse 1,Aisle 5,152.34604105571847,19.99,Supplier A,Low Stock,2023-04-25
1153,Gadget X,Toys,Warehouse 1,Aisle 4,100.0,29.99,Supplier D,Out of Stock,2023-01-15
1655,Widget A,Clothing,Warehouse 3,Aisle 5,300.0,49.99,Supplier C,Low Stock,2023-01-15
1434,Gadget Z,Furniture,Warehouse 1,Aisle 3,150.0,29.99,Supplier C,Out of Stock,2022-12-20
1996,Widget B,Furniture,Warehouse 3,Aisle 2,100.0,19.99,Supplier C,Low Stock,2022-12-20
1085,Widget A,Toys,Warehouse 1,Aisle 4,152.34604105571847,29.99,Supplier A,In Stock,2023-01-15
1696,Gadget Y,Toys,Warehouse 2,Aisle 1,50.0,29.99,Supplier C,Low Stock,2022-12-20
1284,Widget A,Clothing,Warehouse 2,Aisle 2,152.34604105571847,19.99,Supplier B,Out of Stock,2022-12-20
1973,Gadget Z,Furniture,Warehouse 2,Aisle 1,100.0,29.99,Supplier C,In Stock,2023-04-25
1219,Widget B,Furniture,Warehouse 2,Aisle 2,152.34604105571847,49.99,Supplier D,Low Stock,2023-03-05
1068,Gadget X,Furniture,Warehouse 3,Aisle 2,150.0,19.99,Supplier D,Out of Stock,2022-12-20
1046,Gadget Y,Furniture,Warehouse 1,Aisle 5,100.0,9.99,Supplier D,In Stock,2023-01-15
1093,Widget B,Furniture,Warehouse 3,Aisle 4,100.0,29.99,Supplier A,Low Stock,2022-12-20
1749,Gadget Z,Electronics,Warehouse 2,Aisle 4,152.34604105571847,29.99,Supplier B,Out of Stock,2023-03-05
1957,Gadget Y,Toys,Warehouse 3,Aisle 2,152.34604105571847,19.99,Supplier C,Low Stock,2022-12-20
1452,Widget C,Electronics,Warehouse 1,Aisle 3,50.0,29.99,Supplier B,Low Stock,2022-12-20
1203,Widget A,Furniture,Warehouse 3,Aisle 3,150.0,29.99,Supplier B,In Stock,2022-12-20
1911,Gadget Z,Clothing,Warehouse 1,Aisle 1,152.34604105571847,29.99,Supplier D,In Stock,2022-12-20
1217,Widget C,Clothing,Warehouse 3,Aisle 1,150.0,19.99,Supplier D,Out of Stock,2023-01-15
1473,Widget B,Furniture,Warehouse 1,Aisle 5,100.0,29.99,Supplier D,In Stock,2023-04-25
1431,Gadget X,Furniture,Warehouse 1,Aisle 2,152.34604105571847,9.99,Supplier A,Out of Stock,2022-12-20
1340,Gadget Y,Clothing,Warehouse 2,Aisle 1,152.34604105571847,19.99,Supplier B,Low Stock,2023-03-05
1550,Widget A,Electronics,Warehouse 1,Aisle 1,300.0,49.99,Supplier B,Low Stock,2022-12-20
1611,Gadget Y,Electronics,Warehouse 2,Aisle 2,50.0,19.99,Supplier A,Out of Stock,2023-03-05
1288,Widget B,Furniture,Warehouse 2,Aisle 5,152.34604105571847,29.99,Supplier A,Low Stock,2023-01-15
1253,Gadget Y,Electronics,Warehouse 2,Aisle 1,100.0,19.99,Supplier A,In Stock,2023-01-15
1733,Widget A,Clothing,Warehouse 3,Aisle 5,50.0,9.99,Supplier B,Low Stock,2023-03-05
1356,Widget B,Electronics,Warehouse 3,Aisle 4,152.34604105571847,9.99,Supplier B,In Stock,2023-04-25
1022,Gadget Y,Furniture,Warehouse 3,Aisle 5,152.34604105571847,49.99,Supplier D,Out of Stock,2023-01-15
1761,Gadget X,Clothing,Warehouse 3,Aisle 3,50.0,29.99,Supplier D,Out of Stock,2023-01-15
1521,Gadget Z,Electronics,Warehouse 1,Aisle 3,100.0,29.99,Supplier B,Low Stock,2023-03-05
1757,Widget B,Toys,Warehouse 1,Aisle 5,300.0,29.99,Supplier D,Low Stock,2023-01-15
1836,Gadget Z,Clothing,Warehouse 3,Aisle 3,150.0,29.99,Supplier A,In Stock,2023-04-25
1099,Widget B,Clothing,Warehouse 1,Aisle 4,150.0,9.99,Supplier C,In Stock,2023-04-25
1801,Gadget X,Toys,Warehouse 1,Aisle 2,100.0,9.99,Supplier D,Low Stock,2023-04-25
1179,Gadget Z,Toys,Warehouse 2,Aisle 3,100.0,19.99,Supplier B,Low Stock,2022-12-20
1222,Widget C,Clothing,Warehouse 2,Aisle 3,150.0,49.99,Supplier D,Out of Stock,2023-04-25
1905,Widget A,Toys,Warehouse 2,Aisle 5,300.0,49.99,Supplier D,Out of Stock,2023-04-25
1761,Widget C,Furniture,Warehouse 2,Aisle 4,50.0,49.99,Supplier D,Out of Stock,2022-12-20
1658,Gadget Y,Furniture,Warehouse 1,Aisle 2,150.0,19.99,Supplier C,Low Stock,2022-12-20
1441,Gadget X,Furniture,Warehouse 3,Aisle 5,100.0,49.99,Supplier A,Low Stock,2023-01-15
1607,Widget C,Clothing,Warehouse 1,Aisle 5,152.34604105571847,29.99,Supplier B,Low Stock,2023-04-25
1768,Widget B,Toys,Warehouse 1,Aisle 4,152.34604105571847,19.99,Supplier C,Out of Stock,2023-01-15
1324,Gadget Y,Toys,Warehouse 1,Aisle 2,300.0,29.99,Supplier B,Low Stock,2023-03-05
1515,Gadget Y,Electronics,Warehouse 2,Aisle 4,300.0,19.99,Supplier B,In Stock,2023-01-15
1015,Widget C,Electronics,Warehouse 2,Aisle 2,152.34604105571847,49.99,Supplier B,Low Stock,2022-12-20
1791,Widget C,Toys,Warehouse 2,Aisle 4,152.34604105571847,29.99,Supplier C,Low Stock,2023-01-15
1335,Gadget X,Toys,Warehouse 3,Aisle 5,100.0,29.99,Supplier A,Low Stock,2023-01-15
1758,Widget A,Toys,Warehouse 1,Aisle 5,150.0,29.99,Supplier B,Low Stock,2023-01-15
1257,Widget C,Clothing,Warehouse 3,Aisle 1,50.0,19.99,Supplier A,Low Stock,2022-12-20
1496,Widget C,Toys,Warehouse 2,Aisle 3,300.0,29.99,Supplier A,In Stock,2022-12-20
1987,Gadget Z,Electronics,Warehouse 3,Aisle 4,300.0,49.99,Supplier D,In Stock,2023-03-05
1895,Widget B,Clothing,Warehouse 1,Aisle 1,152.34604105571847,29.99,Supplier C,Low Stock,2022-12-20
1159,Gadget Z,Toys,Warehouse 1,Aisle 3,150.0,29.99,Supplier C,Out of Stock,2023-01-15
1474,Gadget Z,Electronics,Warehouse 2,Aisle 4,300.0,49.99,Supplier D,Low Stock,2023-01-15
1851,Gadget Y,Clothing,Warehouse 2,Aisle 2,50.0,49.99,Supplier D,Low Stock,2023-01-15
1663,Widget A,Toys,Warehouse 3,Aisle 3,152.34604105571847,29.99,Supplier A,Low Stock,2023-01-15
1907,Widget B,Toys,Warehouse 2,Aisle 5,50.0,29.99,Supplier B,Out of Stock,2022-12-20
1689,Gadget X,Toys,Warehouse 2,Aisle 1,150.0,19.99,Supplier C,Out of Stock,2023-03-05
1674,Gadget X,Clothing,Warehouse 1,Aisle 3,300.0,29.99,Supplier B,Out of Stock,2023-04-25
1379,Widget C,Electronics,Warehouse 2,Aisle 3,152.34604105571847,29.99,Supplier B,In Stock,2022-12-20
1544,Widget C,Electronics,Warehouse 2,Aisle 5,300.0,29.99,Supplier D,Out of Stock,2023-01-15
1928,Gadget X,Furniture,Warehouse 1,Aisle 4,150.0,49.99,Supplier B,In Stock,2023-03-05
1956,Widget C,Toys,Warehouse 1,Aisle 2,300.0,29.99,Supplier A,In Stock,2023-04-25
1690,Widget A,Furniture,Warehouse 3,Aisle 5,300.0,49.99,Supplier D,Out of Stock,2023-03-05
1426,Gadget Z,Furniture,Warehouse 2,Aisle 2,100.0,49.99,Supplier B,Out of Stock,2022-12-20
1612,Widget C,Electronics,Warehouse 1,Aisle 4,300.0,29.99,Supplier D,Out of Stock,2023-04-25
1267,Gadget Y,Clothing,Warehouse 3,Aisle 3,300.0,9.99,Supplier A,In Stock,2023-03-05
1834,Widget C,Clothing,Warehouse 3,Aisle 2,50.0,29.99,Supplier A,Low Stock,2022-12-20
1576,Widget B,Electronics,Warehouse 2,Aisle 1,152.34604105571847,49.99,Supplier B,Out of Stock,2023-03-05
1416,Widget A,Clothing,Warehouse 2,Aisle 1,50.0,49.99,Supplier D,Out of Stock,2023-03-05
1167,Widget B,Furniture,Warehouse 3,Aisle 5,50.0,9.99,Supplier B,Out of Stock,2023-04-25
1841,Widget B,Toys,Warehouse 1,Aisle 4,152.34604105571847,19.99,Supplier B,In Stock,2022-12-20
1042,Gadget Y,Electronics,Warehouse 3,Aisle 5,100.0,9.99,Supplier D,In Stock,2023-01-15
1555,Widget A,Toys,Warehouse 2,Aisle 5,50.0,9.99,Supplier B,Low Stock,2022-12-20
1284,Widget A,Clothing,Warehouse 1,Aisle 5,150.0,49.99,Supplier A,Out of Stock,2023-04-25
1396,Widget A,Toys,Warehouse 1,Aisle 1,150.0,29.99,Supplier D,In Stock,2022-12-20
1011,Widget A,Clothing,Warehouse 3,Aisle 1,300.0,9.99,Supplier D,Low Stock,2023-03-05
1606,Widget A,Clothing,Warehouse 2,Aisle 5,152.34604105571847,19.99,Supplier D,Out of Stock,2022-12-20
1301,Gadget Y,Furniture,Warehouse 3,Aisle 1,100.0,29.99,Supplier D,In Stock,2022-12-20
1897,Widget C,Clothing,Warehouse 3,Aisle 4,100.0,9.99,Supplier B,Out of Stock,2022-12-20
1252,Widget B,Furniture,Warehouse 3,Aisle 5,300.0,9.99,Supplier B,Out of Stock,2023-01-15
1498,Widget A,Furniture,Warehouse 1,Aisle 1,150.0,19.99,Supplier A,In Stock,2023-01-15
1753,Widget C,Furniture,Warehouse 1,Aisle 2,152.34604105571847,29.99,Supplier C,In Stock,2022-12-20
1034,Widget C,Electronics,Warehouse 2,Aisle 5,152.34604105571847,9.99,Supplier C,In Stock,2023-04-25
1726,Widget B,Electronics,Warehouse 2,Aisle 5,300.0,9.99,Supplier A,Out of Stock,2023-04-25
1848,Gadget Y,Clothing,Warehouse 3,Aisle 4,152.34604105571847,29.99,Supplier C,Out of Stock,2023-03-05
1089,Gadget X,Furniture,Warehouse 3,Aisle 3,150.0,19.99,Supplier A,Low Stock,2023-01-15
1775,Gadget X,Electronics,Warehouse 3,Aisle 3,150.0,9.99,Supplier B,Out of Stock,2023-03-05
1604,Widget C,Furniture,Warehouse 2,Aisle 4,152.34604105571847,29.99,Supplier D,In Stock,2023-01-15
1921,Gadget Z,Toys,Warehouse 1,Aisle 4,152.34604105571847,9.99,Supplier D,Out of Stock,2022-12-20
1969,Gadget Z,Toys,Warehouse 1,Aisle 4,100.0,29.99,Supplier B,Low Stock,2023-04-25
1601,Widget B,Toys,Warehouse 3,Aisle 3,152.34604105571847,49.99,Supplier D,Low Stock,2023-04-25
1417,Gadget X,Clothing,Warehouse 3,Aisle 4,152.34604105571847,29.99,Supplier D,In Stock,2022-12-20
1114,Widget C,Furniture,Warehouse 3,Aisle 1,150.0,9.99,Supplier C,In Stock,2023-03-05
1616,Gadget Y,Toys,Warehouse 3,Aisle 5,100.0,19.99,Supplier B,Low Stock,2023-03-05
1902,Gadget X,Electronics,Warehouse 2,Aisle 5,300.0,49.99,Supplier C,Low Stock,2022-12-20
1195,Widget C,Toys,Warehouse 1,Aisle 2,152.34604105571847,29.99,Supplier C,Low Stock,2023-01-15
1825,Widget C,Toys,Warehouse 3,Aisle 2,100.0,29.99,Supplier D,In Stock,2023-03-05
1500,Widget A,Toys,Warehouse 2,Aisle 5,100.0,19.99,Supplier D,Low Stock,2022-12-20
1625,Gadget Y,Clothing,Warehouse 3,Aisle 1,150.0,29.99,Supplier B,Low Stock,2023-03-05
1492,Widget A,Electronics,Warehouse 3,Aisle 3,100.0,29.99,Supplier D,In Stock,2023-04-25
1074,Widget B,Furniture,Warehouse 1,Aisle 3,152.34604105571847,9.99,Supplier D,Out of Stock,2023-01-15
1412,Widget A,Electronics,Warehouse 3,Aisle 1,152.34604105571847,29.99,Supplier B,Out of Stock,2022-12-20
1375,Widget A,Furniture,Warehouse 1,Aisle 3,50.0,29.99,Supplier D,Low Stock,2023-01-15
1419,Gadget X,Clothing,Warehouse 1,Aisle 4,150.0,29.99,Supplier C,Out of Stock,2023-04-25
1728,Gadget Z,Clothing,Warehouse 1,Aisle 5,300.0,9.99,Supplier B,Out of Stock,2023-04-25
1276,Widget C,Clothing,Warehouse 2,Aisle 5,50.0,29.99,Supplier D,Out of Stock,2023-04-25
1760,Gadget Y,Clothing,Warehouse 2,Aisle 1,152.34604105571847,29.99,Supplier A,Out of Stock,2023-04-25
1675,Widget A,Furniture,Warehouse 1,Aisle 3,50.0,9.99,Supplier B,Low Stock,2022-12-20
1393,Gadget Y,Toys,Warehouse 3,Aisle 2,150.0,29.99,Supplier B,Out of Stock,2022-12-20
1868,Gadget Z,Furniture,Warehouse 1,Aisle 2,150.0,9.99,Supplier A,Out of Stock,2023-04-25
1456,Gadget Z,Electronics,Warehouse 3,Aisle 3,100.0,19.99,Supplier D,In Stock,2023-04-25
1919,Widget A,Clothing,Warehouse 1,Aisle 2,152.34604105571847,29.99,Supplier D,Low Stock,2023-03-05
1191,Widget B,Clothing,Warehouse 3,Aisle 1,100.0,19.99,Supplier B,In Stock,2022-12-20
1738,Widget A,Electronics,Warehouse 2,Aisle 1,150.0,49.99,Supplier B,In Stock,2023-01-15
1688,Gadget X,Furniture,Warehouse 3,Aisle 3,152.34604105571847,49.99,Supplier D,Low Stock,2022-12-20
1098,Widget C,Toys,Warehouse 1,Aisle 2,300.0,49.99,Supplier D,Out of Stock,2022-12-20
1547,Widget B,Toys,Warehouse 2,Aisle 1,152.34604105571847,9.99,Supplier C,In Stock,2022-12-20
1977,Widget A,Electronics,Warehouse 3,Aisle 1,100.0,29.99,Supplier B,Low Stock,2023-04-25
1998,Gadget Y,Toys,Warehouse 3,Aisle 4,300.0,19.99,Supplier B,Out of Stock,2023-04-25
1095,Widget B,Furniture,Warehouse 3,Aisle 4,150.0,19.99,Supplier A,Low Stock,2022-12-20
1663,Widget B,Furniture,Warehouse 3,Aisle 1,152.34604105571847,19.99,Supplier C,In Stock,2023-01-15
1662,Widget A,Electronics,Warehouse 3,Aisle 3,150.0,19.99,Supplier D,Out of Stock,2023-03-05
1189,Widget B,Furniture,Warehouse 2,Aisle 5,300.0,49.99,Supplier C,Out of Stock,2022-12-20
1735,Gadget Y,Clothing,Warehouse 2,Aisle 5,300.0,19.99,Supplier D,Low Stock,2023-01-15
1036,Gadget Z,Electronics,Warehouse 2,Aisle 1,152.34604105571847,29.99,Supplier D,Out of Stock,2023-01-15
1779,Widget B,Furniture,Warehouse 2,Aisle 1,150.0,49.99,Supplier C,In Stock,2022-12-20
1368,Gadget Z,Electronics,Warehouse 1,Aisle 1,50.0,19.99,Supplier B,In Stock,2023-03-05
1694,Gadget Y,Toys,Warehouse 2,Aisle 3,150.0,9.99,Supplier D,In Stock,2022-12-20
1524,Widget A,Furniture,Warehouse 3,Aisle 4,300.0,29.99,Supplier C,Low Stock,2023-03-05
1278,Widget C,Clothing,Warehouse 3,Aisle 1,150.0,29.99,Supplier A,Out of Stock,2022-12-20
1216,Widget B,Furniture,Warehouse 2,Aisle 1,100.0,29.99,Supplier C,Out of Stock,2023-04-25
1866,Widget C,Electronics,Warehouse 3,Aisle 2,50.0,49.99,Supplier A,Out of Stock,2023-01-15
1872,Gadget Y,Electronics,Warehouse 2,Aisle 3,152.34604105571847,19.99,Supplier D,In Stock,2022-12-20
1797,Widget B,Furniture,Warehouse 3,Aisle 1,100.0,49.99,Supplier C,Out of Stock,2023-04-25
1272,Gadget Z,Clothing,Warehouse 1,Aisle 2,152.34604105571847,29.99,Supplier C,In Stock,2022-12-20
1880,Gadget X,Clothing,Warehouse 1,Aisle 5,152.34604105571847,9.99,Supplier A,Out of Stock,2023-03-05
1061,Widget C,Clothing,Warehouse 2,Aisle 1,152.34604105571847,9.99,Supplier C,In Stock,2023-01-15
1595,Widget B,Electronics,Warehouse 2,Aisle 1,150.0,29.99,Supplier C,Out of Stock,2022-12-20
1879,Widget C,Furniture,Warehouse 2,Aisle 2,152.34604105571847,29.99,Supplier D,Low Stock,2023-04-25
1728,Widget B,Toys,Warehouse 3,Aisle 3,300.0,29.99,Supplier C,Low Stock,2023-04-25
1341,Widget A,Electronics,Warehouse 2,Aisle 1,100.0,19.99,Supplier B,In Stock,2023-01-15
1396,Gadget Z,Clothing,Warehouse 1,Aisle 5,100.0,29.99,Supplier A,In Stock,2023-03-05
1698,Widget C,Furniture,Warehouse 3,Aisle 1,152.34604105571847,29.99,Supplier C,Out of Stock,2022-12-20
1018,Gadget X,Clothing,Warehouse 2,Aisle 5,100.0,29.99,Supplier A,Out of Stock,2023-03-05
1176,Gadget X,Toys,Warehouse 3,Aisle 4,300.0,29.99,Supplier A,Low Stock,2023-03-05
1611,Gadget Y,Clothing,Warehouse 3,Aisle 4,100.0,29.99,Supplier A,Out of Stock,2023-03-05
1395,Widget B,Clothing,Warehouse 2,Aisle 5,152.34604105571847,9.99,Supplier C,In Stock,2023-01-15
1444,Widget C,Toys,Warehouse 3,Aisle 3,50.0,29.99,Supplier C,In Stock,2023-01-15
1232,Gadget Y,Furniture,Warehouse 1,Aisle 1,50.0,29.99,Supplier A,In Stock,2022-12-20
1914,Widget C,Electronics,Warehouse 1,Aisle 1,152.34604105571847,29.99,Supplier B,In Stock,2023-03-05
1075,Widget B,Furniture,Warehouse 3,Aisle 4,100.0,29.99,Supplier A,In Stock,2023-01-15
1264,Gadget X,Toys,Warehouse 2,Aisle 5,152.34604105571847,49.99,Supplier B,Low Stock,2022-12-20
1454,Widget A,Clothing,Warehouse 3,Aisle 1,100.0,9.99,Supplier A,Low Stock,2022-12-20
1795,Gadget X,Furniture,Warehouse 1,Aisle 1,150.0,49.99,Supplier D,In Stock,2023-03-05
1717,Gadget Y,Electronics,Warehouse 3,Aisle 3,300.0,19.99,Supplier A,Out of Stock,2022-12-20
1734,Gadget Z,Toys,Warehouse 3,Aisle 2,100.0,29.99,Supplier A,In Stock,2023-03-05
1383,Widget A,Furniture,Warehouse 1,Aisle 4,100.0,19.99,Supplier C,Low Stock,2022-12-20
1563,Gadget Y,Electronics,Warehouse 3,Aisle 4,50.0,29.99,Supplier B,In Stock,2022-12-20
1850,Widget B,Toys,Warehouse 3,Aisle 2,300.0,49.99,Supplier D,Low Stock,2023-01-15
1505,Widget A,Electronics,Warehouse 2,Aisle 1,152.34604105571847,29.99,Supplier B,Low Stock,2023-04-25
1366,Gadget Y,Toys,Warehouse 2,Aisle 3,100.0,29.99,Supplier D,In Stock,2022-12-20
1143,Widget B,Clothing,Warehouse 1,Aisle 3,50.0,29.99,Supplier A,In Stock,2023-01-15
1884,Gadget X,Furniture,Warehouse 1,Aisle 4,152.34604105571847,29.99,Supplier C,Out of Stock,2022-12-20
1068,Gadget Z,Electronics,Warehouse 1,Aisle 3,300.0,49.99,Supplier C,Low Stock,2023-03-05
1098,Widget B,Toys,Warehouse 2,Aisle 2,50.0,29.99,Supplier B,Out of Stock,2022-12-20
1395,Widget C,Electronics,Warehouse 1,Aisle 1,50.0,49.99,Supplier C,In Stock,2022-12-20
1024,Widget B,Electronics,Warehouse 1,Aisle 2,50.0,19.99,Supplier B,Low Stock,2023-01-15
1947,Widget B,Furniture,Warehouse 1,Aisle 5,100.0,49.99,Supplier B,Out of Stock,2023-03-05
1890,Gadget Z,Clothing,Warehouse 2,Aisle 4,100.0,9.99,Supplier D,Out of Stock,2023-04-25
1468,Widget C,Electronics,Warehouse 3,Aisle 3,152.34604105571847,9.99,Supplier B,Out of Stock,2023-03-05
1483,Gadget Y,Toys,Warehouse 1,Aisle 5,150.0,9.99,Supplier D,In Stock,2022-12-20
1564,Gadget Y,Toys,Warehouse 3,Aisle 3,150.0,29.99,Supplier C,In Stock,2023-03-05
1150,Widget B,Clothing,Warehouse 1,Aisle 1,150.0,29.99,Supplier B,In Stock,2023-04-25
1143,Widget C,Toys,Warehouse 3,Aisle 1,300.0,29.99,Supplier B,Low Stock,2023-01-15
1568,Widget C,Clothing,Warehouse 2,Aisle 1,300.0,49.99,Supplier A,In Stock,2022-12-20
1038,Gadget Z,Toys,Warehouse 2,Aisle 3,152.34604105571847,29.99,Supplier B,Low Stock,2022-12-20
1108,Gadget X,Furniture,Warehouse 1,Aisle 5,300.0,19.99,Supplier B,Out of Stock,2023-04-25
1692,Gadget Y,Electronics,Warehouse 3,Aisle 1,150.0,9.99,Supplier A,Out of Stock,2022-12-20
1041,Gadget Z,Furniture,Warehouse 2,Aisle 5,150.0,49.99,Supplier A,In Stock,2023-03-05
1185,Widget A,Electronics,Warehouse 1,Aisle 3,50.0,9.99,Supplier C,Out of Stock,2022-12-20
1934,Gadget Y,Electronics,Warehouse 1,Aisle 5,300.0,29.99,Supplier B,In Stock,2023-04-25
1397,Gadget Z,Electronics,Warehouse 2,Aisle 3,100.0,49.99,Supplier C,Low Stock,2022-12-20
1222,Gadget Y,Furniture,Warehouse 2,Aisle 3,100.0,29.99,Supplier C,Out of Stock,2022-12-20
1633,Gadget X,Electronics,Warehouse 1,Aisle 4,50.0,19.99,Supplier A,In Stock,2022-12-20
1132,Widget A,Furniture,Warehouse 3,Aisle 3,50.0,29.99,Supplier D,Out of Stock,2023-01-15
1162,Gadget X,Clothing,Warehouse 3,Aisle 3,50.0,29.99,Supplier C,Out of Stock,2022-12-20
1214,Widget A,Toys,Warehouse 3,Aisle 2,100.0,19.99,Supplier D,In Stock,2023-03-05
1732,Widget B,Toys,Warehouse 1,Aisle 1,150.0,19.99,Supplier B,Out of Stock,2022-12-20
1234,Gadget Z,Electronics,Warehouse 2,Aisle 4,50.0,29.99,Supplier A,Out of Stock,2022-12-20
1842,Widget A,Furniture,Warehouse 1,Aisle 4,152.34604105571847,29.99,Supplier B,Out of Stock,2022-12-20
1657,Gadget X,Toys,Warehouse 2,Aisle 4,50.0,29.99,Supplier B,Out of Stock,2023-01-15
1750,Gadget Y,Furniture,Warehouse 3,Aisle 2,152.34604105571847,9.99,Supplier A,Low Stock,2023-01-15
1587,Widget A,Furniture,Warehouse 3,Aisle 3,50.0,49.99,Supplier B,Out of Stock,2023-04-25
1008,Gadget Z,Electronics,Warehouse 2,Aisle 1,100.0,49.99,Supplier A,Out of Stock,2022-12-20
1073,Widget A,Toys,Warehouse 2,Aisle 5,300.0,9.99,Supplier D,In Stock,2022-12-20
1953,Widget C,Electronics,Warehouse 1,Aisle 3,50.0,49.99,Supplier B,Low Stock,2023-03-05
1491,Gadget Y,Electronics,Warehouse 3,Aisle 2,300.0,19.99,Supplier A,In Stock,2022-12-20
1912,Gadget Z,Toys,Warehouse 1,Aisle 3,152.34604105571847,49.99,Supplier C,In Stock,2023-01-15
1252,Gadget Z,Toys,Warehouse 1,Aisle 3,152.34604105571847,49.99,Supplier B,In Stock,2023-03-05
1229,Widget B,Clothing,Warehouse 1,Aisle 2,300.0,9.99,Supplier D,Low Stock,2023-03-05
1518,Gadget X,Clothing,Warehouse 3,Aisle 4,150.0,29.99,Supplier A,In Stock,2023-01-15
1173,Widget B,Furniture,Warehouse 1,Aisle 4,50.0,49.99,Supplier B,In Stock,2022-12-20
1652,Gadget Z,Toys,Warehouse 1,Aisle 1,152.34604105571847,49.99,Supplier B,In Stock,2022-12-20
1167,Gadget Y,Clothing,Warehouse 1,Aisle 1,152.34604105571847,29.99,Supplier B,Out of Stock,2022-12-20
1169,Widget A,Furniture,Warehouse 1,Aisle 4,300.0,9.99,Supplier D,In Stock,2023-03-05
1392,Widget A,Furniture,Warehouse 1,Aisle 5,152.34604105571847,29.99,Supplier A,Low Stock,2022-12-20
1945,Gadget Y,Furniture,Warehouse 1,Aisle 3,100.0,9.99,Supplier C,Low Stock,2023-04-25
1794,Gadget Z,Clothing,Warehouse 3,Aisle 5,50.0,19.99,Supplier C,Out of Stock,2023-03-05
1633,Widget A,Toys,Warehouse 1,Aisle 3,152.34604105571847,9.99,Supplier C,Low Stock,2022-12-20
1193,Widget A,Electronics,Warehouse 2,Aisle 4,152.34604105571847,19.99,Supplier A,Low Stock,2022-12-20
1516,Widget A,Furniture,Warehouse 1,Aisle 1,150.0,19.99,Supplier C,Out of Stock,2022-12-20
1028,Gadget X,Clothing,Warehouse 1,Aisle 1,152.34604105571847,9.99,Supplier D,In Stock,2023-01-15
1164,Gadget X,Clothing,Warehouse 3,Aisle 5,152.34604105571847,29.99,Supplier A,Out of Stock,2023-03-05
1421,Widget C,Electronics,Warehouse 3,Aisle 1,100.0,9.99,Supplier B,In Stock,2022-12-20
1338,Widget B,Electronics,Warehouse 2,Aisle 4,100.0,49.99,Supplier D,In Stock,2022-12-20
1647,Gadget Y,Clothing,Warehouse 2,Aisle 5,152.34604105571847,49.99,Supplier B,Low Stock,2022-12-20
1495,Gadget Y,Toys,Warehouse 3,Aisle 3,152.34604105571847,29.99,Supplier C,Out of Stock,2023-01-15
1364,Gadget Y,Electronics,Warehouse 3,Aisle 1,300.0,19.99,Supplier D,Low Stock,2022-12-20
1832,Widget C,Clothing,Warehouse 1,Aisle 2,50.0,29.99,Supplier A,Low Stock,2023-03-05
1341,Gadget X,Electronics,Warehouse 3,Aisle 1,152.34604105571847,49.99,Supplier D,In Stock,2023-04-25
1499,Gadget Z,Toys,Warehouse 2,Aisle 3,152.34604105571847,29.99,Supplier B,Low Stock,2023-01-15
1656,Gadget Z,Furniture,Warehouse 1,Aisle 5,50.0,9.99,Supplier A,Out of Stock,2023-03-05
1510,Widget C,Electronics,Warehouse 2,Aisle 3,300.0,29.99,Supplier D,Low Stock,2023-04-25
1326,Gadget Z,Toys,Warehouse 1,Aisle 2,50.0,19.99,Supplier D,Low Stock,2022-12-20
1216,Gadget Y,Clothing,Warehouse 3,Aisle 4,152.34604105571847,9.99,Supplier D,In Stock,2022-12-20
1300,Widget B,Electronics,Warehouse 2,Aisle 1,100.0,29.99,Supplier D,Out of Stock,2022-12-20
1131,Widget A,Electronics,Warehouse 1,Aisle 5,152.34604105571847,49.99,Supplier A,Low Stock,2023-04-25
1803,Gadget X,Clothing,Warehouse 1,Aisle 4,152.34604105571847,49.99,Supplier B,In Stock,2022-12-20
1069,Gadget X,Furniture,Warehouse 3,Aisle 3,100.0,29.99,Supplier D,Low Stock,2022-12-20
1251,Widget C,Clothing,Warehouse 3,Aisle 5,152.34604105571847,9.99,Supplier A,Out of Stock,2022-12-20
1414,Gadget X,Electronics,Warehouse 3,Aisle 4,152.34604105571847,29.99,Supplier B,Low Stock,2023-03-05
1786,Gadget Y,Clothing,Warehouse 2,Aisle 5,152.34604105571847,9.99,Supplier D,Low Stock,2022-12-20
1444,Gadget Z,Toys,Warehouse 1,Aisle 2,300.0,49.99,Supplier B,In Stock,2023-01-15
1875,Gadget Y,Clothing,Warehouse 3,Aisle 2,152.34604105571847,9.99,Supplier B,Low Stock,2023-01-15
1181,Widget C,Electronics,Warehouse 2,Aisle 1,50.0,29.99,Supplier A,In Stock,2023-03-05
1166,Gadget Y,Clothing,Warehouse 2,Aisle 1,100.0,29.99,Supplier B,Out of Stock,2023-04-25
1090,Gadget Z,Furniture,Warehouse 2,Aisle 2,152.34604105571847,19.99,Supplier A,Low Stock,2022-12-20
1713,Widget B,Clothing,Warehouse 3,Aisle 5,300.0,9.99,Supplier D,Out of Stock,2023-01-15
1857,Widget C,Furniture,Warehouse 3,Aisle 2,150.0,19.99,Supplier B,Out of Stock,2023-01-15
1530,Widget B,Toys,Warehouse 1,Aisle 1,100.0,49.99,Supplier B,Low Stock,2023-03-05
1038,Widget A,Furniture,Warehouse 1,Aisle 2,152.34604105571847,29.99,Supplier C,In Stock,2023-04-25
1125,Widget B,Clothing,Warehouse 3,Aisle 2,50.0,29.99,Supplier D,Out of Stock,2023-04-25
1450,Widget A,Electronics,Warehouse 2,Aisle 5,152.34604105571847,9.99,Supplier D,Out of Stock,2023-03-05
1172,Widget A,Furniture,Warehouse 2,Aisle 4,300.0,29.99,Supplier C,Low Stock,2023-01-15
1652,Widget B,Toys,Warehouse 2,Aisle 1,300.0,9.99,Supplier C,Low Stock,2022-12-20
1753,Widget C,Furniture,Warehouse 1,Aisle 5,152.34604105571847,9.99,Supplier A,Low Stock,2023-01-15
1219,Gadget Z,Furniture,Warehouse 2,Aisle 2,100.0,19.99,Supplier A,Low Stock,2023-04-25
1637,Gadget Y,Furniture,Warehouse 1,Aisle 2,152.34604105571847,29.99,Supplier B,Low Stock,2023-01-15
1057,Gadget Y,Toys,Warehouse 1,Aisle 4,152.34604105571847,9.99,Supplier B,Low Stock,2022-12-20
1659,Gadget Z,Clothing,Warehouse 2,Aisle 1,152.34604105571847,19.99,Supplier B,In Stock,2022-12-20
1475,Widget A,Furniture,Warehouse 2,Aisle 1,50.0,29.99,Supplier B,Out of Stock,2023-01-15
1455,Widget A,Furniture,Warehouse 3,Aisle 3,50.0,19.99,Supplier A,In Stock,2023-03-05
1828,Widget C,Electronics,Warehouse 3,Aisle 1,150.0,19.99,Supplier D,In Stock,2022-12-20
1894,Gadget X,Toys,Warehouse 2,Aisle 4,50.0,9.99,Supplier B,Low Stock,2023-03-05
1360,Widget B,Furniture,Warehouse 1,Aisle 3,152.34604105571847,49.99,Supplier D,Out of Stock,2023-03-05
1934,Widget A,Toys,Warehouse 1,Aisle 3,50.0,49.99,Supplier B,In Stock,2023-03-05
1000,Gadget Y,Furniture,Warehouse 1,Aisle 2,100.0,49.99,Supplier C,Low Stock,2023-01-15
1386,Widget C,Clothing,Warehouse 1,Aisle 2,50.0,19.99,Supplier B,Low Stock,2023-04-25
1972,Widget B,Clothing,Warehouse 1,Aisle 1,152.34604105571847,9.99,Supplier B,Out of Stock,2022-12-20
1347,Widget C,Furniture,Warehouse 3,Aisle 3,100.0,29.99,Supplier B,In Stock,2022-12-20
1189,Widget B,Clothing,Warehouse 2,Aisle 2,150.0,19.99,Supplier A,In Stock,2023-04-25
1504,Widget B,Furniture,Warehouse 3,Aisle 4,152.34604105571847,19.99,Supplier C,In Stock,2023-01-15
1190,Gadget Z,Clothing,Warehouse 1,Aisle 2,152.34604105571847,9.99,Supplier B,Low Stock,2023-03-05
1507,Widget A,Electronics,Warehouse 1,Aisle 2,152.34604105571847,29.99,Supplier B,Out of Stock,2022-12-20
1368,Widget C,Electronics,Warehouse 1,Aisle 3,152.34604105571847,19.99,Supplier D,Out of Stock,2022-12-20
1408,Widget C,Electronics,Warehouse 1,Aisle 3,152.34604105571847,29.99,Supplier C,In Stock,2023-04-25
1823,Gadget Z,Toys,Warehouse 2,Aisle 5,152.34604105571847,29.99,Supplier B,Low Stock,2023-04-25
1928,Gadget Y,Toys,Warehouse 1,Aisle 4,152.34604105571847,49.99,Supplier D,In Stock,2022-12-20
1933,Gadget Y,Electronics,Warehouse 2,Aisle 3,100.0,9.99,Supplier D,Out of Stock,2023-01-15
1116,Widget A,Toys,Warehouse 1,Aisle 1,300.0,29.99,Supplier A,Low Stock,2022-12-20
1133,Widget A,Clothing,Warehouse 2,Aisle 4,100.0,9.99,Supplier D,In Stock,2022-12-20
1057,Gadget X,Furniture,Warehouse 3,Aisle 4,152.34604105571847,49.99,Supplier B,In Stock,2023-03-05
1555,Gadget Z,Furniture,Warehouse 1,Aisle 3,300.0,9.99,Supplier A,Low Stock,2022-12-20
1684,Gadget Y,Furniture,Warehouse 2,Aisle 4,50.0,19.99,Supplier A,Out of Stock,2023-04-25
1671,Widget B,Electronics,Warehouse 3,Aisle 3,152.34604105571847,29.99,Supplier B,Low Stock,2022-12-20
1172,Widget C,Toys,Warehouse 1,Aisle 2,150.0,9.99,Supplier C,In Stock,2023-04-25
1828,Widget A,Clothing,Warehouse 1,Aisle 5,100.0,29.99,Supplier D,In Stock,2023-04-25
1814,Widget C,Clothing,Warehouse 1,Aisle 2,152.34604105571847,9.99,Supplier A,In Stock,2023-04-25
1148,Widget C,Electronics,Warehouse 2,Aisle 3,100.0,29.99,Supplier C,In Stock,2023-01-15
1079,Gadget X,Clothing,Warehouse 2,Aisle 3,152.34604105571847,49.99,Supplier B,Out of Stock,2023-04-25
1885,Gadget Y,Clothing,Warehouse 3,Aisle 2,300.0,49.99,Supplier D,Out of Stock,2023-03-05
1212,Widget A,Clothing,Warehouse 2,Aisle 1,150.0,29.99,Supplier D,In Stock,2023-03-05
1202,Widget C,Clothing,Warehouse 2,Aisle 1,300.0,19.99,Supplier A,Out of Stock,2022-12-20
1763,Widget A,Toys,Warehouse 1,Aisle 1,150.0,19.99,Supplier D,Out of Stock,2023-04-25
1228,Widget B,Clothing,Warehouse 1,Aisle 3,100.0,49.99,Supplier D,Out of Stock,2023-04-25
1675,Gadget X,Furniture,Warehouse 1,Aisle 4,152.34604105571847,49.99,Supplier D,In Stock,2022-12-20
1226,Widget B,Electronics,Warehouse 1,Aisle 3,300.0,29.99,Supplier D,Low Stock,2023-01-15
1658,Widget A,Toys,Warehouse 1,Aisle 4,150.0,19.99,Supplier B,Low Stock,2022-12-20
1531,Widget A,Clothing,Warehouse 1,Aisle 2,152.34604105571847,49.99,Supplier C,Low Stock,2023-04-25
1440,Gadget Y,Toys,Warehouse 1,Aisle 5,152.34604105571847,19.99,Supplier B,In Stock,2022-12-20
1401,Widget C,Clothing,Warehouse 3,Aisle 4,300.0,49.99,Supplier B,Out of Stock,2023-01-15
1046,Widget C,Furniture,Warehouse 3,Aisle 1,152.34604105571847,9.99,Supplier A,Out of Stock,2022-12-20
1232,Widget B,Electronics,Warehouse 3,Aisle 3,300.0,29.99,Supplier D,In Stock,2022-12-20
1304,Gadget X,Clothing,Warehouse 3,Aisle 2,100.0,9.99,Supplier B,In Stock,2023-04-25
1525,Gadget Z,Clothing,Warehouse 1,Aisle 1,150.0,49.99,Supplier D,Low Stock,2022-12-20
1142,Widget C,Clothing,Warehouse 3,Aisle 2,100.0,29.99,Supplier B,Low Stock,2022-12-20
1414,Gadget Y,Clothing,Warehouse 1,Aisle 5,152.34604105571847,29.99,Supplier B,In Stock,2022-12-20
1512,Widget B,Electronics,Warehouse 3,Aisle 3,150.0,49.99,Supplier A,Low Stock,2023-03-05
1372,Widget B,Electronics,Warehouse 2,Aisle 3,300.0,49.99,Supplier C,Out of Stock,2022-12-20
1565,Gadget Z,Furniture,Warehouse 3,Aisle 5,100.0,19.99,Supplier C,In Stock,2023-01-15
1885,Gadget Y,Electronics,Warehouse 3,Aisle 3,50.0,49.99,Supplier B,In Stock,2023-01-15
1258,Gadget X,Clothing,Warehouse 1,Aisle 4,152.34604105571847,29.99,Supplier A,Out of Stock,2023-04-25
1655,Gadget Y,Furniture,Warehouse 3,Aisle 2,152.34604105571847,49.99,Supplier D,Out of Stock,2023-04-25
1470,Gadget X,Furniture,Warehouse 2,Aisle 1,50.0,29.99,Supplier D,Out of Stock,2023-03-05
1952,Gadget Y,Furniture,Warehouse 1,Aisle 5,152.34604105571847,49.99,Supplier B,Low Stock,2023-01-15
1970,Gadget Y,Clothing,Warehouse 1,Aisle 4,150.0,19.99,Supplier C,In Stock,2023-01-15
1011,Widget A,Toys,Warehouse 3,Aisle 1,152.34604105571847,29.99,Supplier A,Low Stock,2023-01-15
1329,Widget B,Clothing,Warehouse 1,Aisle 1,50.0,9.99,Supplier C,Out of Stock,2023-01-15
1735,Gadget Y,Electronics,Warehouse 1,Aisle 5,300.0,29.99,Supplier D,Low Stock,2022-12-20
1783,Gadget Z,Electronics,Warehouse 1,Aisle 4,50.0,19.99,Supplier C,Out of Stock,2022-12-20
1967,Gadget Y,Clothing,Warehouse 1,Aisle 1,152.34604105571847,29.99,Supplier D,Low Stock,2022-12-20
1357,Widget C,Clothing,Warehouse 1,Aisle 1,152.34604105571847,49.99,Supplier A,Low Stock,2023-03-05
1971,Widget B,Furniture,Warehouse 1,Aisle 4,100.0,49.99,Supplier A,Out of Stock,2022-12-20
1407,Widget C,Clothing,Warehouse 2,Aisle 3,152.34604105571847,19.99,Supplier B,Low Stock,2023-01-15
1667,Widget B,Furniture,Warehouse 3,Aisle 1,100.0,29.99,Supplier B,In Stock,2023-01-15
1372,Widget C,Electronics,Warehouse 2,Aisle 2,50.0,49.99,Supplier C,Low Stock,2023-04-25
1007,Gadget Y,Furniture,Warehouse 1,Aisle 4,150.0,9.99,Supplier A,Low Stock,2023-04-25
1121,Gadget Y,Clothing,Warehouse 1,Aisle 1,150.0,19.99,Supplier A,In Stock,2023-03-05
1347,Widget A,Electronics,Warehouse 3,Aisle 5,152.34604105571847,29.99,Supplier B,Out of Stock,2023-01-15
1675,Gadget Z,Toys,Warehouse 2,Aisle 2,150.0,29.99,Supplier D,In Stock,2023-03-05
1089,Widget C,Furniture,Warehouse 3,Aisle 1,150.0,9.99,Supplier C,Low Stock,2022-12-20
1647,Gadget X,Electronics,Warehouse 2,Aisle 2,150.0,49.99,Supplier C,Out of Stock,2022-12-20
1697,Widget A,Furniture,Warehouse 1,Aisle 2,50.0,19.99,Supplier B,Low Stock,2023-01-15
1315,Widget C,Electronics,Warehouse 3,Aisle 3,150.0,9.99,Supplier A,Low Stock,2022-12-20
1177,Widget C,Electronics,Warehouse 3,Aisle 2,300.0,49.99,Supplier B,In Stock,2023-01-15
1539,Widget A,Furniture,Warehouse 1,Aisle 3,150.0,19.99,Supplier B,In Stock,2023-04-25
1731,Gadget Y,Toys,Warehouse 3,Aisle 4,150.0,29.99,Supplier B,Out of Stock,2023-03-05
1868,Widget C,Electronics,Warehouse 2,Aisle 3,100.0,19.99,Supplier B,Out of Stock,2023-04-25
1040,Gadget Y,Electronics,Warehouse 2,Aisle 5,50.0,29.99,Supplier D,Out of Stock,2022-12-20
1739,Widget A,Electronics,Warehouse 2,Aisle 1,152.34604105571847,19.99,Supplier D,Low Stock,2023-04-25
1703,Gadget Y,Toys,Warehouse 2,Aisle 4,100.0,29.99,Supplier A,In Stock,2023-01-15
1922,Widget B,Toys,Warehouse 1,Aisle 4,152.34604105571847,19.99,Supplier B,In Stock,2023-04-25
1501,Gadget X,Clothing,Warehouse 3,Aisle 5,50.0,29.99,Supplier D,In Stock,2023-01-15
1958,Widget C,Furniture,Warehouse 2,Aisle 3,300.0,29.99,Supplier A,Out of Stock,2022-12-20
1144,Gadget Z,Toys,Warehouse 1,Aisle 1,50.0,49.99,Supplier B,In Stock,2023-04-25
1200,Gadget X,Furniture,Warehouse 3,Aisle 3,152.34604105571847,29.99,Supplier C,In Stock,2023-03-05
1928,Gadget Y,Clothing,Warehouse 3,Aisle 2,152.34604105571847,29.99,Supplier D,In Stock,2023-03-05
1723,Widget C,Furniture,Warehouse 1,Aisle 3,152.34604105571847,29.99,Supplier A,Out of Stock,2023-03-05
1460,Gadget Y,Toys,Warehouse 1,Aisle 4,152.34604105571847,29.99,Supplier C,In Stock,2023-04-25
1731,Widget B,Furniture,Warehouse 2,Aisle 1,150.0,9.99,Supplier B,Out of Stock,2023-04-25
1751,Widget A,Toys,Warehouse 3,Aisle 3,50.0,29.99,Supplier B,In Stock,2023-04-25
1924,Widget C,Furniture,Warehouse 3,Aisle 1,150.0,9.99,Supplier B,In Stock,2023-01-15
1908,Widget B,Toys,Warehouse 1,Aisle 1,150.0,29.99,Supplier D,In Stock,2022-12-20
1557,Widget B,Toys,Warehouse 3,Aisle 2,300.0,29.99,Supplier A,Out of Stock,2023-03-05
1546,Widget C,Furniture,Warehouse 2,Aisle 2,152.34604105571847,9.99,Supplier C,Out of Stock,2023-01-15
1252,Gadget Y,Clothing,Warehouse 3,Aisle 4,152.34604105571847,29.99,Supplier A,In Stock,2023-03-05
1389,Gadget Z,Electronics,Warehouse 1,Aisle 5,300.0,29.99,Supplier D,Low Stock,2023-01-15
1593,Widget B,Clothing,Warehouse 1,Aisle 1,100.0,29.99,Supplier A,Out of Stock,2023-04-25
1882,Gadget X,Furniture,Warehouse 2,Aisle 5,152.34604105571847,9.99,Supplier D,Out of Stock,2023-03-05
1255,Widget B,Clothing,Warehouse 2,Aisle 4,150.0,9.99,Supplier B,In Stock,2023-04-25
1708,Gadget Z,Toys,Warehouse 3,Aisle 1,152.34604105571847,29.99,Supplier C,Low Stock,2023-03-05
1814,Gadget Y,Electronics,Warehouse 3,Aisle 1,152.34604105571847,19.99,Supplier B,In Stock,2022-12-20
1920,Gadget Y,Furniture,Warehouse 1,Aisle 5,100.0,29.99,Supplier A,Out of Stock,2023-01-15
1449,Gadget X,Furniture,Warehouse 2,Aisle 3,152.34604105571847,29.99,Supplier B,Out of Stock,2022-12-20
1009,Widget B,Furniture,Warehouse 2,Aisle 2,100.0,29.99,Supplier C,In Stock,2023-01-15
1823,Gadget Y,Electronics,Warehouse 2,Aisle 3,300.0,19.99,Supplier B,In Stock,2022-12-20
1797,Gadget Z,Toys,Warehouse 3,Aisle 5,150.0,9.99,Supplier C,Low Stock,2023-03-05
1241,Widget C,Furniture,Warehouse 2,Aisle 2,100.0,49.99,Supplier C,Low Stock,2022-12-20
1250,Widget A,Clothing,Warehouse 1,Aisle 3,100.0,49.99,Supplier B,Out of Stock,2022-12-20
